{
  "strMiniAppTitle": "Event Registration",
  "Event Name": "Event Name",
  "Event Location": "Event Location",
  "Event Type": "Event Type",
  "Event Cost": "Event Cost",
  "Wedding": "Wedding",
  "Birthday": "Birthday",
  "Hackathon": "Hackathon",
  "Trainig": "Trainig",
  "Team Building": "Team Building",
  "Event Image": "Event Image",
  "Business Location": "Business Location",
  "Business Description": "Business Description",
  "Livestock Location": "Livestock Location",
  "Livestock Date": "Livestock Date",
  "strTapToEnter": "Tap to enter",
  "Pick Date": "Pick Date",
  "Measures Taken": "Measures Taken",
  "Livestock Image": "Livestock Image",
  "MultiSelect Question": "Sample Multi Select Question",
  "Flower Pack Image": "Picture of a Flower",
  "Name": "Name",
  "Phone": "Phone Number",
  "Location": "Location",
  "Herders Number": "Herders Number",
  "Herders Attitude": "Herders Attitude",
  "Herders Equipment": "Herders Equipment",
  "strMiniAppYourDetails": "Your Details",
  "strNoLocationLabel": "Due to poor network connectivity, your location could not be fetched",
  "strRefreshLabel": "REFRESH",
  "strMiniAppLocationNetworkWarningLabel": "Due to poor network connectivity, your location map could not be fetched. Your location co-ordinates will be shared instead",
  "strMiniAppLoadingLabel": "Please wait while we try to fetch your location",
  "strNoLocationAlertLabel": "Location not found. Please ensure that you have turned on location services and provided Kaizala the location permission. Tap on refresh below to try fetching location again",
  "strProgressTextLabel": "{0} of {1}",
  "strConnectGroupName": "Need To change",
  "strMiniAppHeaderTimeLabel": "Created by you at {0}",
  "strSendResponseLabel": "SUBMIT",
  "Response Time": "Response Time",
  "Nanyuki": "Nanyuki",
  "Meru": "Meru",
  "Karatina": "Karatina",
  "Nyeri": "Nyeri",
  "Embu": "Embu",
  "Region": "Region"
}
