{
    "strMiniAppTitle": "Leave application & Approval",
    "User": "User",
    "Applicant": "Applicant",
    "HR": "HR",
    "Manager": "Manager",
    "Your Name": "Your Name",
    "Payroll No.": "Payroll No.",
    "strTapToEnter": "Tap to enter",
    "From": "From",
    "Department": "Department",
    "No. of Days": "No. of Days",
    "Year": "Year",
    "Type of leave": "Type of leave",
    "Annual": "Annual",
    "Unpaid": "Unpaid",
    "Medical": "Medical",
    "Compassionate": "Compassionate",
    "Maternity": "Maternity",
    "Reasons": "Reasons",
    "From (date)": "From (date)",
    "To": "To",
    "Duration (Days/ Hr/ s)": "Duration (Days/ Hr/ s)",
    "Resuming date": "Resuming date",
    "Home Address (while on leave)": "Home Address (while on leave)",
    "Telephone contact": "Telephone contact",
    "MultiSelect Question": "Sample Multi Select Question",
    "Alternate contact (while on leave)": "Alternate contact (while on leave)",
    "Name": "Name",
    "Phone": "Phone Number",
    "Location": "Location",
    "Leave Due": "Leave Due",
    "Leave granted from": "Leave granted from",
    "Leave granted to": "Leave granted to",
    "Resume Date": "Resume Date",
    "HR representative": "HR representative",
    "Leave days balance": "Leave days balance",
    "Approved": "Approved",
    "YES": "YES",
    "NO": "NO",
    "Comments(if any)": "Comments(if any)",
    "strMiniAppYourDetails": "Your Details",
    "strNoLocationLabel": "Due to poor network connectivity, your location could not be fetched",
    "strRefreshLabel": "REFRESH",
    "strMiniAppLocationNetworkWarningLabel": "Due to poor network connectivity, your location map could not be fetched. Your location co-ordinates will be shared instead",
    "strMiniAppLoadingLabel": "Please wait while we try to fetch your location",
    "strNoLocationAlertLabel": "Location not found. Please ensure that you have turned on location services and provided Kaizala the location permission. Tap on refresh below to try fetching location again",
    "strProgressTextLabel": "{0} of {1}",
    "strConnectGroupName": "Need To change",
    "strMiniAppHeaderTimeLabel": "Created by you at {0}",
    "strSendResponseLabel": "SUBMIT",
    "Response Time": "Response Time"
}