{
  "Survey": "கருத்துக்கணிப்பு",
  "Ask a series of questions & get people’s opinion": "தொடர் கேள்விகளைக் கேளுங்கள் & மக்களின் கருத்துகளைப் பெறுங்கள்",
  "_Ask a series of questions & get people’s opinion.cooment": "பயன்பாட்டின் விளக்கம், கண்டறி திரையில் தெரியும்",
  "NewSurveyPageTitle": "புதிய கருத்துக்கணிப்பு",
  "IncompleteDetailsAlertTitle": "விடுபட்ட விவரங்களைச் சேர்",
  "IncompleteDetailsAlertMessage": "நீங்கள் தொடர்வதற்கு முன், கருத்துக்கணிப்பு விவரங்களும் கேள்வியும் தேவை",
  "IncompleteQuestionDetailsMessage": "தேவையான புலங்கள் அனைத்தையும் பூர்த்திசெய்யவும்",
  "OK": "சரி",
  "SurveyOptionsPageTitle": "கருத்துக்கணிப்பு விருப்பங்கள்",
  "Send": "அனுப்பு",
  "Next": "அடுத்து",
  "Done": "முடிந்தது",
  "SurveyAddCoverImage": "அட்டைப் படிமத்தைச் சேர்",
  "SurveyChangeCoverImage": "அட்டைப் படிமத்தை மாற்றவும்",
  "SurveyDetails": "கருத்துக்கணிப்பு விவரங்கள்",
  "SurveyDetailsPageTitle": "கருத்துக்கணிப்பு விவரங்கள்",
  "SurveyAddQuestion": "கேள்வியைச் சேர்",
  "SurveyOptionsTotalQuestion": "இந்தக் கருத்துக்கணிப்பில் 1 கேள்வி உள்ளது",
  "SurveyOptionsTotalQuestions": "இந்தக் கருத்துக்கணிப்பில் {0} கேள்விகள் உள்ளன",
  "Settings": "அமைப்புகள்",
  "SurveyExpiryTitle": "கருத்துக்கணிப்புக் காலாவதி: {0}",
  "SurveyMultipleResponseTitle": "பல பதில்களை அனுமதிக்கவும்",
  "SurveyExpirySubTitle": "பதில்களை ஏற்பதற்கான கடைசித் தேதி மற்றும் நேரத்தை அமைக்கவும்",
  "SurveyVisibilityAllTitle": "அனைவருக்கும் முடிவுகள் தோன்றும்",
  "SurveyVisibilitySenderTitle": "முடிவுகள் எனக்கு மட்டுமே தோன்றும்",
  "SurveyVisibilityAdminTitle": "நிர்வாகிகளுக்கு மட்டுமே முடிவுகள் தோன்றும்",
  "SurveyAllowSendReminderAllTitle": "யார் வேண்டுமானாலும் நினைவூட்டியை அனுப்பலாம்",
  "SurveyAllowSendReminderSenderTitle": "நான் மட்டுமே நினைவூட்டிகளை அனுப்பலாம்",
  "SurveyAllowSendReminderAdminTitle": "நிர்வாகிகளும் நானும் நினைவூட்டிகளை அனுப்பலாம்",
  "SurveyVisibilitySubTitle": "கருத்துக்கணிப்பு முடிவுகளை யார் பார்க்கலாம் என்று அமைக்கவும்.",
  "SurveyAllowSendReminderSubTitle": "யார் நினைவூட்டியை அனுப்பலாம் என்பதை அமைக்கவும்.",
  "SurveyMultipleResponseSubTitle": "பல முறை பதிலளிக்க பயனர்களை அனுமதிக்கவும்",
  "SurveyVisibilityHeader": "கருத்துக்கணிப்பு முடிவுகளை யார் பார்க்கலாம்",
  "SurveyAllowSendReminderHeader": "யார் நினைவூட்டிகளை அனுப்பலாம்",
  "SurveyVisibilityEveryOne": "அனைவருக்கும்",
  "SurverVisibilityOnlyMe": "எனக்கு மட்டும்",
  "SurveyVisibilityAdmin": "நிர்வாகிகள் மட்டும்",
  "SurveyAllowSendReminderEveryOne": "எவரும்",
  "SurveyAllowSendReminderOnlyMe": "எனக்கு மட்டும்",
  "SurveyAllowSendReminderAdmin": "நான் மற்றும் நிர்வாகிகள்",
  "SurveyResponseLocationTitle": "பதில்களுடன் இடத்தைப் படமெடுக்கவும்",
  "SurveyResponseLocationSubTitle": "கருத்துக்கணிப்புப் பதிலுடன் பதிலளிப்பவரின் இடத்தையும் சேகரிக்கவும்",
  "SurveyMandatoryResponseLocationTitle": "பதிலின் கட்டாய பாகமாக இடத்தை அமைக்க, தட்டவும்",
  "SurveyDetailsTitleHeader": "கருத்துக்கணிப்புத் தலைப்பு",
  "SurveyDetailsTitlePlaceholder": "எகா. சந்தை ஆராய்ச்சி",
  "SurveyDetailsDescriptionHeader": "கருத்துக்கணிப்பு விளக்கம் (கட்டாயமற்றது)",
  "SurveyDetailsDescriptionPlaceholder": "இந்தக் கருத்துக்கணிப்பு எதைப் பற்றியது?",
  "SurveyMultpleOptionPlaceholder": "விருப்பம் {0}",
  "SurveyQuestionHeader": "கேள்வி",
  "SurveyOptionAnswerHeader": "பதில்",
  "SurveyOptionSettingHeader": "அமைப்புகள்",
  "SurveyQuestionPlaceHolder": "உள்ளிட, தட்டவும்",
  "SurveyAllowMultipleAnswerTitle": "ஒன்றுக்கும் அதிகமான பதிலைத் தேர்ந்தெடுக்க அனுமதிக்கவும்",
  "SurveyAddMoreOptionTalkBack": "புதிய தெரிவு சேர்க்கப்பட்டுள்ளது. தெரிவை அணுக, இடமாய் தேய்க்கவும். அல்லது புதிய தெரிவைச் சேர்க்க, இருமுறை தட்டவும்",
  "SurveyQuestionPageBreakTitle": "பக்க இடைவெளியைச் சேர்",
  "SurveyImageQuestionOnlyCamera": "கேமராவில் மட்டும் அனுமதி",
  "SurveyImageQuestionSingleImages": "ஒற்றைப் படிமமாக வரம்பிடு",
  "SurveyImageQuestionSingleImages.comment": "ஒரு படிம உடனிணைப்பை மட்டும் அனுமதிக்க தலைப்பு உரை",
  "SurveyMultpleOptionAddMoreOption": "+ மேலும் விருப்பங்களைச் சேர்",
  "SurveyQuestionPickerHeader": "பதில் வகையைத் தேர்வுசெய்",
  "SurveyQuestionPickerCloseButtonTitle": "மூடு",
  "SurveyOptionCount": "{0} தெரிவுகள்",
  "LinkedQuesInfo": "கேள்வி {0} -உடன் இணைக்கப்பட்டது",
  "Multiple Choice": "பல தேர்வு",
  "Text Response": "உரை",
  "Numeric Response": "எண்",
  "Drop Down": "கீழ்த்தோன்றல்",
  "Image Upload": "படிமம்",
  "Phone Number": "தொலைபேசி எண்",
  "Date": "தேதி",
  "DeleteConfirmationDailogTitle": "{0} கேள்வியை நீக்கவா?",
  "DeleteConfirmationDailogMessage": "நீக்கப்பட்டால், கருத்தாய்வில் இக்கேள்வி தோன்றாது.",
  "DependencyQuestionInfoMessage": "இக்கேள்வியின் காட்சிநிலை, கேள்வி {0} -ன் பதிலைச் சார்ந்துள்ளது",
  "DependencyQuestionDeleteConfirmationDailogMessage": "இக்கேள்வி, இணைக்கப்பட்டுள்ள கேள்விகளைக் கொண்டுள்ளது. நீக்கினால், இணைப்பு அகற்றப்படும். ",
  "DiscardConfirmationDailogBackButton": "ரத்து",
  "DiscardConfirmationDailogDeleteButton": "நீக்கு",
  "SurveyDiscardDailogTitle": "நிச்சயமாக வெளியேற விரும்புகிறீர்களா?",
  "SurveyDiscardConfirmationDailogMessage": "நீங்கள் செய்துள்ள மாற்றங்கள் எதையும் இழந்துவிடுவீர்கள்",
  "QuestionDiscardConfirmationDailogTitle": "கேள்வியை நிராகரிக்கவா?",
  "QuestionDiscardConfirmationDailogMessage": "உங்கள் மாற்றங்கள் அனைத்தையும் இழப்பீர்கள்",
  "QuestionDiscardConfirmationDailogBackButton": "ரத்து",
  "QuestionDiscardConfirmationDailogDeleteButton": "நிராகரி",
  "ContinueButton": "தொடர்க",
  "StayButton": "நிலைத்திரு",
  "LeaveButton": "வெளியேறு",
  "ConfirmButton": "உறுதிசெய்",
  "title_sent": "<b>%s</b>-க்கு",
  "subtitle": "%s - <b>%s</b>",
  "all_filter": "எல்லாம் காண்பி",
  "complete_filter": "முடிந்தவை மட்டும்",
  "grouping_option_string": "நபர்கள்படி குழுவாக்கு",
  "incomplete_filter": "முடியாதவை மட்டும்",
  "title_received": "<b>%s</b>",
  "description_string": "%s",
  "_description_string": "கவன உருப்படி விளக்கம்",
  "SurveyResponseTitle": "கருத்துக்கணிப்புப் பதில்",
  "Start": "தொடங்கு",
  "QuestionCountLabel": "{0} கேள்வி",
  "QuestionsCountLabel": "{0} கேள்விகள்",
  "ChooseYourAnswerLabel": "உங்கள் பதிலைத் தேர்வுசெய்யவும்",
  "YourResponseLabel": "உங்கள் பதில்",
  "Clear": "அழி",
  "ProgressTextLabel": "{0} / {1}",
  "NumericPlaceHolderText": "இங்கு உள்ளிடவும்",
  "TapToAddPhoto": "புகைப்படத்தைச் சேர்க்க, தட்டவும்",
  "AllQuestionRespondedHeader": "எல்லாக் கேள்விகளுக்கும் பதிலளிக்கப்பட்டன!",
  "PendingQuestionHeader": "{0} கேள்வி நிலுவையில் உள்ளது",
  "PendingQuestionsHeader": "{0} கேள்விகள் நிலுவையில் உள்ளன",
  "YouResponded": "உங்கள் பதில்: ",
  "Submit": "சமர்ப்பி",
  "Respond": "பதிலளி",
  "ResponseSummaryTitle": "பதில் சுருக்கம்",
  "ReponseLocationPageHeader": "நீங்கள் தொடரும் முன், உங்கள் இடத்தை <b>{0}</b> கோரியுள்ளார்.",
  "Refresh": "புதுப்பி",
  "LocationUnavaliable": "இடம் கிடைக்கவில்லை",
  "LocationTryAgain": "மீண்டும் முயல, புதுப்பி என்பதைத் தட்டவும்",
  "ResponseNameTitle": "பதில் பெயர்",
  "PageLoadProgressTitle": "தரவைப் பெறுகிறது...",
  "SummaryNavTitle": "கருத்துக்கணிப்பு",
  "ErrorTitle": "ஏதோ தவறாகிவிட்டது",
  "ErrorSubtitle": "இணைப்பைச் சரிபார்த்து, மீண்டும் முயலவும்",
  "ErrorActionTitle": "மறுமுயற்சி",
  "SentTo": "பெற்றவர்:",
  "SurveyClosed": "கருத்துக்கணிப்பு மூடப்பட்டது",
  "ViewMoreText": "அதிகம் காட்டு",
  "ViewLessText": "குறைவாகக் காட்டு",
  "MyResonses": "எனது பதில்கள்",
  "NotResponded": "இன்னும் நீங்கள் பதிலளிக்கவில்லை",
  "Responded": "பதிலளிக்கக்கப்பட்டது",
  "RespondNow": "இப்போதே பதிலளி",
  "MyResponses": "எனது பதில்கள்",
  "AddNewResponse": "புதிய பதிலைச் சேர்",
  "SurveyQuestions": "கருத்துக்கணிப்புக் கேள்விகள்",
  "Insights": "புள்ளிவிவரங்கள்",
  "AllResponsesModuleHeader": "அனைத்துப் பதில்கள்",
  "CloseSurvey": "கருத்துக்கணிப்பை மூடு",
  "ShareSurveyResults": "கருத்துக்கணிப்பு முடிவுகளுக்கான இணைப்பு",
  "RemindPeopleToRespond": "பதிலளிக்க, நபர்களுக்கு நினைவூட்டவும்",
  "DuplicateThisSurvey": "இந்தக் கருத்துக்கணிப்பை நகலெடு",
  "TapToGetLink": "கருத்துக்கணிப்பு முடிவுகளுக்கான இணைப்பை உருவாக்க, தட்டவும்",
  "TapToSendReminder": "நினைவூட்டியை அனுப்ப, தட்டவும்",
  "CopyQuestionsAndCreateSurvey": "இதே கேள்விகளைப் பயன்படுத்தி புதிய கருத்துக்கணிப்பை உருவாக்கவும்",
  "GettingLink": "இணைப்பைப் பெறுகிறது...",
  "TapToShareLink": "இணைப்பைப் பகிர, தட்டவும்",
  "Responses": "பதில்கள்",
  "Respondents": "பதிலளிப்பவர்கள்",
  "AllResponses": "அனைத்துப் பதில்கள்",
  "MultipleChoice": "பல தேர்வு",
  "TextInput": "உரை உள்ளீடு",
  "NumberInput": "எண் உள்ளீடு",
  "ImageAttachment": "படிம உடனிணைப்பு",
  "X_Responses": "{0} பதில்கள்",
  "FROM_X_Respondents": "{0} பதிலளிப்பவர்களிடமிருந்து",
  "SURVEY_CLOSES_ON_X": "{0} அன்று கருத்துக்கணிப்பு மூடப்படும்",
  "X_Of_Y_People": "{0} / {1} பேர்",
  "X_People": "{0} நபர்கள்",
  "One_Person": "1 நபர்",
  "One_Person.comment": "நிலைச் சரம். பதில் புள்ளிவிவரங்களில் பயன்படுத்தப்பட்டது.",
  "AggregationNotSupported": "இந்தக் கேள்வி வகைக்கான ஒருங்கிணைப்பு ஆதரிக்கப்படவில்லை. விவரங்களுக்காக இந்தக் கருத்துக்கணிப்பு முடிவுகளைப் பதிவிறக்கவும்",
  "ExpiresIn": "{0}-இல் காலாவதியாகும்",
  "NextButtonTitle": "அடுத்து",
  "PreviousButtonTitle": "முந்தையது",
  "SumTitle": "கூட்டல்",
  "AverageTitle": "சராசரி",
  "QuestionResponsesNavTitle": "கேள்வி {0} / {1}",
  "QuestionResponsesTitle": "பதில்கள் ({0} மொத்தம்)",
  "CurrentUserResponsesNavTitle": "உங்கள் பதில்கள்",
  "UserResponsesNavTitle": "{0}-இன் பதில்கள்",
  "SingleResponseMyResponseTitle": "நீங்கள் பதிலளிக்கவில்லை",
  "SingleResponseNavTitle": "{0}-இன் பதில்கள்",
  "CurrentUserSingleResponseNavTitle": "உங்கள் பதில்",
  "SubmitResponseTitle": "பதிலைச் சமர்ப்பி",
  "SurveyEditPageTitle": "கருத்துக்கணிப்பைத் திருத்து",
  "SummaryEditSurveyTitle": "கருத்துக்கணிப்பைத் திருத்து",
  "EditSurveySubTitle": "கருத்துக்கணிப்புத் தலைப்பு மற்றும் அமைப்புகளைத் திருத்த, தட்டவும். கருத்துக்கணிப்புக் கேள்விகளைத் திருத்த முடியாது.",
  "SurveyEditPageUpdateButton": "புதுப்பி",
  "EditSurveyPageUserMessage": "கருத்துக்கணிப்பு விவரங்கள் மற்றும் தேர்ந்தெடுத்த அமைப்புகளை மட்டுமே திருத்த முடியும். கூடுதல் மாற்றங்களுக்காக, நீங்கள் புதிய கருத்துக்கணிப்பை உருவாக்க வேண்டியிருக்கும்",
  "UnsavedChanges": "மாற்றங்களை நிராகரிக்கவா?",
  "DiscardConfirmationDailogDiscardButton": "நிராகரி",
  "EditSurveyDiscardConfirmationDailogMessage": "நிராகரித்தால், உங்கள் மாற்றங்கள் அனைத்தையும் இழப்பீர்கள்",
  "EditSurveyFailureMessage": "தற்போது கருத்துக்கணிப்பைத் திருத்த முடியவில்லை. மீண்டும் முயலவும்.",
  "EditSurveyNoUpdates": "இந்தக் கருத்துக்கணிப்பில் மாற்றங்கள் எதுவும் செய்யப்படவில்லை",
  "EditPageUpdatingMsg": "புதுப்பிக்கிறது...",
  "Cancel": "ரத்து",
  "DefaultResponseName": "பதில் {0}",
  "LocationDisclaimerText": "இந்தக் கருத்துக்கணிப்பின் ஒரு பகுதியாக உங்கள் இடம் தேவைப்படும். உங்கள் அனுமதியில்லாமல் உங்கள் இடத்தை Kaizala அணுகாது அல்லது பயன்படுத்தாது.",
  "DiscardSurveyResponseDailogMessage": "உங்கள் பதிலை நிராகரிக்க விரும்புகிறீர்களா?",
  "ResponseSummaryLocationText": "இந்தப் பதிலின் ஒரு பகுதியாக உங்கள் இடம் பகிரப்படும்.",
  "FetchingDetailedSummary": "விவரங்களை எடுக்கிறது...",
  "NumericInputErrorLabel": "எண் உள்ளீடு மட்டுமே ஏற்கப்படும்",
  "DeleteCoverImage": "அட்டைப் படத்தை நீக்கு",
  "DeletedCoverImage": "கருத்துக்கணிப்பு அட்டைப் படம் நீக்கப்பட்டது",
  "CoverImage": "அட்டைப் படம்",
  "QuestionHeaderText": "கேள்வி {0}, {1}",
  "DeleteQuestion": "கேள்வியை நீக்கு",
  "DeleteOption": "விருப்பத்தை நீக்கு",
  "DeletedOptionTalkback": "விருப்பம் நீக்கப்பட்டது",
  "OptionDeleteConfirmationDailogTitle": "தெரிவை நீக்கவா?",
  "DropDownOptionDeleteConfirmationDailogTitle": "மாற்றங்களை உறுதிசெய்யவா?",
  "OptionDeleteConfirmationDailogMessage": "நீக்கினால், இத்தெரிவானது கேள்வியில் தோன்றாது",
  "DependencyDropDownOptDeleteConfirmationDialogMessage": "இணைக்கப்பட்டுள்ள கேள்விகளைக் கொண்ட ஒரு தெரிவை நீக்கியுள்ளீர்கள் அல்லது திருத்தியுள்ளீர்கள். தொடர்ந்தால், இணைப்பு அகற்றப்படும்.",
  "DependencyOptionDeleteConfirmationDailogMessage": "இத்தெரிவு, இணைக்கப்பட்டுள்ள கேள்விகளைக் கொண்டுள்ளது. நீக்கினால், இணைப்பு அகற்றப்படும்.",
  "Edit": "திருத்து",
  "SurveyDropDownAnswersPlaceHolderText": "பதில் விருப்பங்களைச் சேர்க்கவும். விருப்பங்களைச் சேர்க்க, Enter விசையைத் தட்டவும்.",
  "SurveyMakeThisQuestionOptionalText": "இந்தக் கேள்வியை விருப்பத்தேர்வாக மாற்று",
  "TapToSelectOptionText": "விருப்பத்தைத் தேர்ந்தெடுக்க, தட்டவும்",
  "AnswerChoicesText": "பதில் தெரிவுகள்",
  "MultipleImageSelectionError": "பல படிமங்களைத் தேர்ந்தெடுத்துள்ளீர்கள். முதல் படிமம் மட்டுமே அனுப்பப்படும். வேறொரு படத்தைப் பயன்படுத்த, அழி என்பதில் தட்டவும்",
  "TapToOpenCamera": "கேமராவைத் திறக்க, தட்டவும்",
  "DateResponseSelectDate": "தேதியைத் தேர்ந்தெடு",
  "DateResponseTapToAddDate": "தேதியைச் சேர்க்க, தட்டவும்",
  "PhoneNumberResponseEnterPhoneNumber": "தொலைபேசி எண்ணை உள்ளிடவும்",
  "QuestionHeader": "கேள்வி {0}",
  "NotRespondedTitle": "பதிலளிக்கவில்லை",
  "SendReminder": "நினைவூட்டியை அனுப்பு",
  "FeatureNotAvailableForForumMsg": "இந்த அம்சம் தற்போது இந்தக் குழுவிற்கு கிடைக்காது",
  "QuestionRangeErrorString": "பதிலானது {0} மற்றும் {1}-க்கு இடையே இருக்க வேண்டும்",
  "QuestionLengthRangeErrorString": "பதிலின் நீளம் {0} மற்றும் {1} எழுத்துகளுக்கு இடையே இருக்க வேண்டும்",
  "QuestionPhoneNumberLengthErrorString": "தொலைபேசி எண்ணின் நீளம் {0} ஆக இருக்க வேண்டும்",
  "QuestionRangeOnlyIntegersErrorString": "பதிலானது {0} மற்றும் {1}-க்கு இடையேயான முழு எண்ணாக இருக்க வேண்டும்",
  "QuestionResponseIntegerOnlyError": "பதில் முழு எண்ணாக இருக்க வேண்டும் ",
  "QuestionRangeHelpText": "{0} மற்றும் {1} எழுத்துகளுக்கு இடையில் பதிலை உள்ளிடவும்",
  "QuestionRangeIntHelpText": "{0} மற்றும் {1} இடையே முழு எண்ணை உள்ளிடவும்",
  "QuestionLengthHelpText": "{0} மற்றும் {1} எழுத்து நீளங்களுக்கு இடையில் பதிலை உள்ளிடவும்",
  "QuestionPhoneNumberLengthHelpText": "{0} நீளத்தில் தொலைபேசி எண்ணை உள்ளிடவும்",
  "QuestionResponseIntegerOnlyHelpText": "முழு எண்ணை உள்ளிடவும்",
  "Optional": "கட்டாயமற்றது",
  "NumericInputHelpText": "எண்களை மட்டும் உள்ளிடவும்",
  "NumericInputHelpText.comment": "தவறான எண் உள்ளீட்டுக்கான உதவி உரை",
  "Warning": "எச்சரிக்கை!!!",
  "Survey_Title": "கருத்துக்கணிப்பு",
  "Survey_ReminderTitle": "கருத்துக்கணிப்பு நினைவூட்டி",
  "Survey_Questions": "கேள்விகள்",
  "Survey_Question": "கேள்வி",
  "Survey_SummaryText_NoResponse_Creator": "பதில்களுக்காகக் காத்திருக்கிறது",
  "Survey_SummaryText_NoResponse_Receiver": "முதல் நபராகப் பதிலளியுங்கள்!",
  "Survey_SummaryText_CompleteResponse": "இந்தக் கருத்துக்கணிப்பில் அனைவரும் பங்கெடுத்தனர்",
  "Survey_SummaryText_IncompleteResponse": "{0} / {1} பேர் பதிலளித்துள்ளனர்",
  "Survey_SummaryText_IncompleteResponse_Public_Grp": "{0} பேர் பதிலளித்தனர்",
  "Survey_SummaryText_OneResponse_Public_Grp": "1 நபர் பதிலளித்துள்ளார்",
  "Survey_RespondButton_Title": "கருத்துக்கணிப்பில் பங்குகொள்",
  "Survey_AddNewResponseButton_Title": "வேறொரு பதிலைச் சேர்",
  "Survey_Edited_Text": ". திருத்தப்பட்டது",
  "SurveySummaryPageTitle": "கருத்துக்கணிப்புச் சுருக்கம்",
  "SurveyResponsePageTitle": "கருத்துக்கணிப்புப் பதில்",
  "SurveyCreationPageTitle": "கருத்துக்கணிப்பு உருவாக்கம்",
  "RefreshResponsesButtonTitle": "பதில்களைப் புதுப்பி",
  "AddQuestionHere": "இங்கு கேள்வியைச் சேர்",
  "ResponderLocation": "பதிலளிப்பவர் இருப்பிடம்"
}