{
  "Survey": "Umfrage",
  "Ask a series of questions & get people’s opinion": "Eine Reihe von Fragen stellen und die Meinung der Leute einholen",
  "_Ask a series of questions & get people’s opinion.cooment": "Im Bildschirm \"Entdecken\" angezeigte App-Beschreibung",
  "NewSurveyPageTitle": "Neue Umfrage",
  "IncompleteDetailsAlertTitle": "Fehlende Details hinzufügen",
  "IncompleteDetailsAlertMessage": "Umfragedetails und Fragen sind erforderlich, bevor Sie fortfahren.",
  "IncompleteQuestionDetailsMessage": "Füllen Sie alle Pflichtfelder aus.",
  "OK": "OK",
  "SurveyOptionsPageTitle": "Umfrageoptionen",
  "Send": "SENDEN",
  "Next": "WEITER",
  "Done": "FERTIG",
  "SurveyAddCoverImage": "Titelbild hinzufügen",
  "SurveyChangeCoverImage": "Titelbild ändern",
  "SurveyDetails": "UMFRAGEDETAILS",
  "SurveyDetailsPageTitle": "Umfragedetails",
  "SurveyAddQuestion": "Frage hinzufügen",
  "SurveyOptionsTotalQuestion": "Diese Umfrage enthält 1 Frage.",
  "SurveyOptionsTotalQuestions": "Diese Umfrage enthält {0} Fragen.",
  "Settings": "EINSTELLUNGEN",
  "SurveyExpiryTitle": "Umfrage läuft ab: {0}",
  "SurveyMultipleResponseTitle": "Mehrere Antworten zulassen",
  "SurveyExpirySubTitle": "Datum und Uhrzeit festlegen, bis zu dem bzw. der Antworten angenommen werden",
  "SurveyVisibilityAllTitle": "Ergebnisse für alle sichtbar",
  "SurveyVisibilitySenderTitle": "Ergebnisse nur für mich sichtbar",
  "SurveyVisibilityAdminTitle": "Ergebnisse nur für Administratoren sichtbar",
  "SurveyAllowSendReminderAllTitle": "Jeder kann eine Erinnerung senden",
  "SurveyAllowSendReminderSenderTitle": "Nur ich kann eine Erinnerung senden",
  "SurveyAllowSendReminderAdminTitle": "Administratoren und ich können eine Erinnerung senden",
  "SurveyVisibilitySubTitle": "Festlegen, wer die Umfrageergebnisse sehen kann.",
  "SurveyAllowSendReminderSubTitle": "Festlegen, wer eine Erinnerung senden kann.",
  "SurveyMultipleResponseSubTitle": "Benutzer dürfen mehrfach antworten",
  "SurveyVisibilityHeader": "Wer kann Umfrageergebnisse sehen?",
  "SurveyAllowSendReminderHeader": "Wer kann Erinnerungen senden?",
  "SurveyVisibilityEveryOne": "Jeder",
  "SurverVisibilityOnlyMe": "Nur ich",
  "SurveyVisibilityAdmin": "Nur Administratoren",
  "SurveyAllowSendReminderEveryOne": "Jeder",
  "SurveyAllowSendReminderOnlyMe": "Nur ich",
  "SurveyAllowSendReminderAdmin": "Ich und Administratoren",
  "SurveyResponseLocationTitle": "Standort zusammen mit Antworten erfassen",
  "SurveyResponseLocationSubTitle": "Standort des Antwortenden zusammen mit seiner Umfrageantwort erfassen",
  "SurveyMandatoryResponseLocationTitle": "Tippen Sie, um den Standort zu einem Pflichtteil der Antwort zu machen.",
  "SurveyDetailsTitleHeader": "Umfragetitel",
  "SurveyDetailsTitlePlaceholder": "Bsp.: Marktforschung",
  "SurveyDetailsDescriptionHeader": "Umfragebeschreibung (optional)",
  "SurveyDetailsDescriptionPlaceholder": "Worum geht es bei dieser Umfrage?",
  "SurveyMultpleOptionPlaceholder": "Option \"{0}\"",
  "SurveyQuestionHeader": "Frage",
  "SurveyOptionAnswerHeader": "Antwort",
  "SurveyOptionSettingHeader": "Einstellungen",
  "SurveyQuestionPlaceHolder": "Zum Eingeben tippen.",
  "SurveyAllowMultipleAnswerTitle": "Auswahl von mehr als einer Antwort zulassen",
  "SurveyAddMoreOptionTalkBack": "Neue Option hinzugefügt. Nach links ziehen, um auf die Option zuzugreifen. Oder doppeltippen, um eine neue Option hinzuzufügen",
  "SurveyQuestionPageBreakTitle": "Seitenumbruch hinzufügen",
  "SurveyImageQuestionOnlyCamera": "Nur Kamera zulassen",
  "SurveyImageQuestionSingleImages": "Auf einzelnes Bild beschränken",
  "SurveyImageQuestionSingleImages.comment": "Titeltext, um nur Einzelbildanlagen zuzulassen.",
  "SurveyMultpleOptionAddMoreOption": "+ Weitere Optionen hinzufügen",
  "SurveyQuestionPickerHeader": "ANTWORTTYP AUSWÄHLEN",
  "SurveyQuestionPickerCloseButtonTitle": "SCHLIESSEN",
  "SurveyOptionCount": "{0} Optionen",
  "LinkedQuesInfo": "Verknüpft mit Frage {0}",
  "Multiple Choice": "Multiple-Choice",
  "Text Response": "Text",
  "Numeric Response": "Numerisch",
  "Drop Down": "Dropdown",
  "Image Upload": "Bild",
  "Phone Number": "Telefonnummer",
  "Date": "Datum",
  "DeleteConfirmationDailogTitle": "Frage \"{0}\" löschen?",
  "DeleteConfirmationDailogMessage": "Wenn sie gelöscht wird, erscheint diese Frage nicht in der Umfrage.",
  "DependencyQuestionInfoMessage": "Sichtbarkeit dieser Frage hängt von der Antwort der Frage {0} ab",
  "DependencyQuestionDeleteConfirmationDailogMessage": "Mit dieser Frage sind Fragen verknüpft. Beim Löschen wird die Verknüpfung entfernt. ",
  "DiscardConfirmationDailogBackButton": "ABBRECHEN",
  "DiscardConfirmationDailogDeleteButton": "LÖSCHEN",
  "SurveyDiscardDailogTitle": "Möchten Sie die Übertragung wirklich beenden?",
  "SurveyDiscardConfirmationDailogMessage": "Alle vorgenommenen Änderungen gehen verloren",
  "QuestionDiscardConfirmationDailogTitle": "Frage verwerfen?",
  "QuestionDiscardConfirmationDailogMessage": "Alle Ihre Änderungen gehen verloren",
  "QuestionDiscardConfirmationDailogBackButton": "ABBRECHEN",
  "QuestionDiscardConfirmationDailogDeleteButton": "VERWERFEN",
  "ContinueButton": "WEITER",
  "StayButton": "BLEIBEN",
  "LeaveButton": "VERLASSEN",
  "ConfirmButton": "BESTÄTIGEN",
  "title_sent": "An <b>%s</b>",
  "subtitle": "%s an <b>%s</b>",
  "all_filter": "Alle anzeigen",
  "complete_filter": "Nur erledigte",
  "grouping_option_string": "Nach Personen gruppieren",
  "incomplete_filter": "Nur nicht erledigte",
  "title_received": "<b>%s</b>",
  "description_string": "%s",
  "_description_string": "Fokuselementbeschreibung",
  "SurveyResponseTitle": "Umfrageantwort",
  "Start": "STARTEN",
  "QuestionCountLabel": "{0} Frage",
  "QuestionsCountLabel": "{0} Fragen",
  "ChooseYourAnswerLabel": "Wählen Sie Ihre Antwort aus.",
  "YourResponseLabel": "Ihre Antwort",
  "Clear": "LÖSCHEN",
  "ProgressTextLabel": "{0} von {1}",
  "NumericPlaceHolderText": "Hier eingeben",
  "TapToAddPhoto": "TIPPEN SIE, UM EIN FOTO HINZUZUFÜGEN.",
  "AllQuestionRespondedHeader": "Alle Fragen beantwortet.",
  "PendingQuestionHeader": "{0} Frage steht aus.",
  "PendingQuestionsHeader": "{0} Fragen stehen aus.",
  "YouResponded": "Ihre Antwort: ",
  "Submit": "ABSENDEN",
  "Respond": "Antworten",
  "ResponseSummaryTitle": "Antwortzusammenfassung",
  "ReponseLocationPageHeader": "<b>{0}</b> will Ihren Standort wissen, bevor Sie fortfahren können.",
  "Refresh": "AKTUALISIEREN",
  "LocationUnavaliable": "Standort nicht verfügbar.",
  "LocationTryAgain": "Tippen Sie auf \"Aktualisieren\", um es noch mal zu versuchen.",
  "ResponseNameTitle": "ANTWORTNAME",
  "PageLoadProgressTitle": "Daten werden gesammelt...",
  "SummaryNavTitle": "Umfrage",
  "ErrorTitle": "Das hat leider nicht geklappt.",
  "ErrorSubtitle": "Überprüfen Sie Ihre Verbindung, und versuchen Sie es noch mal.",
  "ErrorActionTitle": "WIEDERHOLEN",
  "SentTo": "Gesendet an",
  "SurveyClosed": "Umfrage ist geschlossen.",
  "ViewMoreText": "Mehr anzeigen",
  "ViewLessText": "Weniger anzeigen",
  "MyResonses": "MEINE ANTWORTEN",
  "NotResponded": "Sie haben noch nicht geantwortet.",
  "Responded": "Beantwortet",
  "RespondNow": "JETZT ANTWORTEN",
  "MyResponses": "MEINE ANTWORTEN",
  "AddNewResponse": "Neue Antwort hinzufügen",
  "SurveyQuestions": "FRAGEN FÜR UMFRAGE",
  "Insights": "EINBLICKE",
  "AllResponsesModuleHeader": "ALLE ANTWORTEN",
  "CloseSurvey": "Umfrage schließen",
  "ShareSurveyResults": "Link für Umfrageergebnisse",
  "RemindPeopleToRespond": "Personen erinnern, zu antworten",
  "DuplicateThisSurvey": "Diese Umfrage duplizieren",
  "TapToGetLink": "Tippen Sie, um einen Link zu den Umfrageergebnissen zu generieren.",
  "TapToSendReminder": "Tippen Sie, um eine Erinnerung zu senden.",
  "CopyQuestionsAndCreateSurvey": "Neue Umfrage mit denselben Fragen erstellen",
  "GettingLink": "Link wird abgerufen...",
  "TapToShareLink": "Tippen Sie, um den Link zu teilen.",
  "Responses": "Antworten",
  "Respondents": "Antwortende",
  "AllResponses": "Alle Antworten",
  "MultipleChoice": "Multiple-Choice",
  "TextInput": "Texteingabe",
  "NumberInput": "Zahleneingabe",
  "ImageAttachment": "Bildanlage",
  "X_Responses": "{0} Antworten",
  "FROM_X_Respondents": "Von {0} Antwortenden",
  "SURVEY_CLOSES_ON_X": "Die Umfrage schließt am {0}.",
  "X_Of_Y_People": "{0} von {1} Personen",
  "X_People": "{0} Personen",
  "One_Person": "1 Person",
  "One_Person.comment": "Statische Zeichenfolge. Wird in Antworterkenntnissen verwendet.",
  "AggregationNotSupported": "Aggregation wird für diesen Fragentyp nicht unterstützt. Laden Sie die Umfrageergebnisse herunter, um Details zu erfahren.",
  "ExpiresIn": "Läuft in {0} ab.",
  "NextButtonTitle": "Weiter",
  "PreviousButtonTitle": "Zurück",
  "SumTitle": "Summe",
  "AverageTitle": "Durchschnitt",
  "QuestionResponsesNavTitle": "Frage {0} von {1}",
  "QuestionResponsesTitle": "ANTWORTEN ({0} INSGESAMT)",
  "CurrentUserResponsesNavTitle": "Ihre Antworten",
  "UserResponsesNavTitle": "Antworten von {0}",
  "SingleResponseMyResponseTitle": "Sie haben geantwortet.",
  "SingleResponseNavTitle": "Antwort von {0}",
  "CurrentUserSingleResponseNavTitle": "Ihre Antwort",
  "SubmitResponseTitle": "Antwort absenden",
  "SurveyEditPageTitle": "Umfrage bearbeiten",
  "SummaryEditSurveyTitle": "Umfrage bearbeiten",
  "EditSurveySubTitle": "Tippen Sie, um den Titel und die Einstellungen der Umfrage zu bearbeiten. Fragen der Umfrage können nicht bearbeitet werden.",
  "SurveyEditPageUpdateButton": "AKTUALISIEREN",
  "EditSurveyPageUserMessage": "Nur Umfragedetails und ausgewählte Einstellungen können bearbeitet werden. Für weitere Änderungen müssen Sie eventuell eine neue Umfrage erstellen.",
  "UnsavedChanges": "Änderungen verwerfen?",
  "DiscardConfirmationDailogDiscardButton": "VERWERFEN",
  "EditSurveyDiscardConfirmationDailogMessage": "Alle Ihre Änderungen gehen verloren, wenn Sie sie verwerfen.",
  "EditSurveyFailureMessage": "Die Umfrage kann im Moment nicht bearbeitet werden. Versuchen Sie es bitte noch mal.",
  "EditSurveyNoUpdates": "Keine Änderungen an dieser Umfrage vorgenommen.",
  "EditPageUpdatingMsg": "Wird aktualisiert...",
  "Cancel": "ABBRECHEN",
  "DefaultResponseName": "Antwort {0}",
  "LocationDisclaimerText": "Im Rahmen dieser Umfrage müssen Sie Ihren Standort teilen. Ohne Ihre Zustimmung wird Kaizala Ihren Standort weder abfragen noch verwenden.",
  "DiscardSurveyResponseDailogMessage": "Möchten Sie Ihre Antwort verwerfen?",
  "ResponseSummaryLocationText": "Ihr Standort wird im Rahmen dieser Antwort geteilt.",
  "FetchingDetailedSummary": "Details werden abgerufen...",
  "NumericInputErrorLabel": "Nur numerische Eingabe akzeptiert.",
  "DeleteCoverImage": "Titelbild löschen",
  "DeletedCoverImage": "Titelbild der Umfrage löschen.",
  "CoverImage": "Titelbild",
  "QuestionHeaderText": "Frage {0}, {1}",
  "DeleteQuestion": "Frage löschen",
  "DeleteOption": "Option löschen",
  "DeletedOptionTalkback": "Die Option löschen.",
  "OptionDeleteConfirmationDailogTitle": "Option löschen?",
  "DropDownOptionDeleteConfirmationDailogTitle": "Änderungen bestätigen?",
  "OptionDeleteConfirmationDailogMessage": "Wenn sie gelöscht wird, wird diese Option in der Frage nicht angezeigt",
  "DependencyDropDownOptDeleteConfirmationDialogMessage": "Sie haben eine Option gelöscht oder bearbeitet, mit der Fragen verknüpft sind. Wenn Sie fortfahren, wird die Verknüpfung entfernt.",
  "DependencyOptionDeleteConfirmationDailogMessage": "Mit dieser Option sind Fragen verknüpft. Beim Löschen wird die Verknüpfung entfernt.",
  "Edit": "Bearbeiten",
  "SurveyDropDownAnswersPlaceHolderText": "Antwortoptionen hinzufügen. Verwenden Sie die EINGABETASTE, um Optionen hinzuzufügen.",
  "SurveyMakeThisQuestionOptionalText": "Diese Frage optional machen",
  "TapToSelectOptionText": "Tippen Sie, um eine Option auszuwählen.",
  "AnswerChoicesText": "Antwortoptionen",
  "MultipleImageSelectionError": "Sie haben mehrere Bilder ausgewählt. Nur das erste Bild wird gesendet. Tippen Sie auf \"Löschen\", um ein anderes Bild zu verwenden.",
  "TapToOpenCamera": "TIPPEN SIE, UM DIE KAMERA ZU ÖFFNEN.",
  "DateResponseSelectDate": "Datum auswählen",
  "DateResponseTapToAddDate": "Zum Hinzufügen eines Datums tippen.",
  "PhoneNumberResponseEnterPhoneNumber": "Telefonnummer eingeben",
  "QuestionHeader": "FRAGE {0}",
  "NotRespondedTitle": "Nicht geantwortet",
  "SendReminder": "ERINNERUNG SENDEN",
  "FeatureNotAvailableForForumMsg": "Diese Funktion ist zurzeit für diese Gruppe nicht verfügbar.",
  "QuestionRangeErrorString": "Die Antwort sollte zwischen {0} und {1} liegen.",
  "QuestionLengthRangeErrorString": "Die Länge der Antwort sollte zwischen {0} und {1} liegen.",
  "QuestionPhoneNumberLengthErrorString": "Die Länge der Telefonnummer sollte {0} sein.",
  "QuestionRangeOnlyIntegersErrorString": "Die Antwort sollte eine ganze Zahl sein und zwischen {0} und {1} liegen.",
  "QuestionResponseIntegerOnlyError": "Die Antwort sollte eine ganze Zahl sein. ",
  "QuestionRangeHelpText": "Geben Sie eine Antwort zwischen {0} und {1} ein.",
  "QuestionRangeIntHelpText": "Geben Sie eine ganze Zahl zwischen {0} und {1} ein.",
  "QuestionLengthHelpText": "Geben Sie eine Antwort mit einer Länge zwischen {0} und {1} ein.",
  "QuestionPhoneNumberLengthHelpText": "Geben Sie eine Telefonnummer der Länge {0} ein.",
  "QuestionResponseIntegerOnlyHelpText": "Geben Sie einen ganzzahligen Wert ein.",
  "Optional": "Optional",
  "NumericInputHelpText": "Nur Zahlen eingeben",
  "NumericInputHelpText.comment": "Hilfetext für falsche numerische Eingabe.",
  "Warning": "Warnung",
  "Survey_Title": "Umfrage",
  "Survey_ReminderTitle": "Umfrageerinnerung",
  "Survey_Questions": "Fragen",
  "Survey_Question": "Frage",
  "Survey_SummaryText_NoResponse_Creator": "Auf Antworten warten",
  "Survey_SummaryText_NoResponse_Receiver": "Antworten Sie als Erster",
  "Survey_SummaryText_CompleteResponse": "Alle haben an dieser Umfrage teilgenommen.",
  "Survey_SummaryText_IncompleteResponse": "{0} von {1} Personen haben geantwortet.",
  "Survey_SummaryText_IncompleteResponse_Public_Grp": "{0} Personen haben geantwortet.",
  "Survey_SummaryText_OneResponse_Public_Grp": "1 Person hat geantwortet.",
  "Survey_RespondButton_Title": "An Umfrage teilnehmen",
  "Survey_AddNewResponseButton_Title": "Weitere Antwort hinzufügen",
  "Survey_Edited_Text": ". Bearbeitet",
  "SurveySummaryPageTitle": "Umfragezusammenfassung",
  "SurveyResponsePageTitle": "Umfrageantwort",
  "SurveyCreationPageTitle": "Umfrageerstellung",
  "RefreshResponsesButtonTitle": "Antworten aktualisieren",
  "AddQuestionHere": "Frage hier hinzufügen",
  "ResponderLocation": "Standort des Antwortenden"
}