{
  "Survey": "सर्वेक्षण",
  "Ask a series of questions & get people’s opinion": "प्रश्नांची एक मालिका विचारा आणि लोकांचे मत मिळवा",
  "_Ask a series of questions & get people’s opinion.cooment": "शोध स्क्रीनमध्ये अॅपचे विवरण दिसते",
  "NewSurveyPageTitle": "नवीन सर्वेक्षण",
  "IncompleteDetailsAlertTitle": "गहाळ तपशील जोडा",
  "IncompleteDetailsAlertMessage": "तुम्ही पुढे जाण्यापूर्वी सर्वेक्षणाचे तपशील आणि प्रश्न आवश्यक आहेत",
  "IncompleteQuestionDetailsMessage": "कृपया सर्व अनिवार्य क्षेत्रे पूर्ण करा",
  "OK": "ठीक आहे",
  "SurveyOptionsPageTitle": "सर्वेक्षण पर्याय",
  "Send": "पाठवा",
  "Next": "पुढील",
  "Done": "पूर्ण झाले",
  "SurveyAddCoverImage": "मुखपृष्ठ प्रतिमा जोडा",
  "SurveyChangeCoverImage": "मुखपृष्ठाची प्रतिमा बदला",
  "SurveyDetails": "सर्वेक्षणाचे तपशील",
  "SurveyDetailsPageTitle": "सर्वेक्षणाचे तपशील",
  "SurveyAddQuestion": "प्रश्न जोडा",
  "SurveyOptionsTotalQuestion": "या सर्वेक्षणात 1 प्रश्न आहे",
  "SurveyOptionsTotalQuestions": "या सर्वेक्षणात {0} प्रश्न आहेत",
  "Settings": "सेटिंग्ज",
  "SurveyExpiryTitle": "सर्वेक्षण मुदत समाप्ती: {0}",
  "SurveyMultipleResponseTitle": "एकाधिक प्रतिसादांना परवानगी द्या",
  "SurveyExpirySubTitle": "प्रतिसाद स्वीकारण्याची शेवटची तारीख आणि वेळ निश्चित करा",
  "SurveyVisibilityAllTitle": "निकाल सर्वांना दिसू शकतात",
  "SurveyVisibilitySenderTitle": "निकाल फक्त मला दिसू शकतात",
  "SurveyVisibilityAdminTitle": "निकाल फक्त प्रशासकांनाच दिसू शकतात",
  "SurveyAllowSendReminderAllTitle": "कोणीही स्मरणपत्र पाठवू शकते",
  "SurveyAllowSendReminderSenderTitle": "फक्त मी एक स्मरणपत्र पाठवू शकतो",
  "SurveyAllowSendReminderAdminTitle": "प्रशासक आणि मी एक स्मरणपत्र पाठवू शकतो",
  "SurveyVisibilitySubTitle": "सर्वेक्षणाचे निकाल कोण पाहू शकेल ते सेट करा.",
  "SurveyAllowSendReminderSubTitle": "कोण स्मरणपत्र पाठवू शकते ते सेट करा.",
  "SurveyMultipleResponseSubTitle": "प्रयोक्त्यांना एकाधिक वेळा प्रतिसाद देऊ द्या",
  "SurveyVisibilityHeader": "सर्वेक्षणाचे निकाल कोण पाहू शकते",
  "SurveyAllowSendReminderHeader": "कोण स्मरणपत्रे पाठवू शकते",
  "SurveyVisibilityEveryOne": "प्रत्येकजण",
  "SurverVisibilityOnlyMe": "फक्त मी",
  "SurveyVisibilityAdmin": "फक्त प्रशासक",
  "SurveyAllowSendReminderEveryOne": "कोणीही",
  "SurveyAllowSendReminderOnlyMe": "फक्त मी",
  "SurveyAllowSendReminderAdmin": "मी आणि प्रशासक",
  "SurveyResponseLocationTitle": "प्रतिसादांसह लोकेशन मिळवा",
  "SurveyResponseLocationSubTitle": "या सर्वेक्षणाच्या प्रतिसादासह प्रतिसादकर्त्याचे लोकेशन संकलित करा",
  "SurveyMandatoryResponseLocationTitle": "लोकेशनला प्रतिसादाचा अनिवार्य भाग बनविण्यासाठी टॅप करा",
  "SurveyDetailsTitleHeader": "सर्वेक्षणाचे शीर्षक",
  "SurveyDetailsTitlePlaceholder": "उदा.: विपणन संशोधन",
  "SurveyDetailsDescriptionHeader": "सर्वेक्षण पर्याय (पर्यायी)",
  "SurveyDetailsDescriptionPlaceholder": "हे सर्वेक्षण कशाबद्दल आहे?",
  "SurveyMultpleOptionPlaceholder": "पर्याय {0}",
  "SurveyQuestionHeader": "प्रश्न",
  "SurveyOptionAnswerHeader": "उत्तर",
  "SurveyOptionSettingHeader": "सेटिंग्ज",
  "SurveyQuestionPlaceHolder": "प्रविष्ट करण्यासाठी टॅप करा",
  "SurveyAllowMultipleAnswerTitle": "एकाहून जास्त उत्तर निवडले जाण्यास परवानगी द्या",
  "SurveyAddMoreOptionTalkBack": "नवीन पर्याय जोडला. पर्याय अॅक्सेस करण्यासाठी डावीकडे स्वाइप करा किंवा नवीन पर्याय जोडण्यासाठी दोनदा टॅप करा",
  "SurveyQuestionPageBreakTitle": "पृष्ठ ब्रेक जोडा",
  "SurveyImageQuestionOnlyCamera": "केवळ कॅमेरास परवानगी द्या",
  "SurveyImageQuestionSingleImages": "एकल प्रतिमेस निर्बंधित करा",
  "SurveyImageQuestionSingleImages.comment": "केवळ एक प्रतिमा संलग्नकास परवानगी देण्यासाठी शीर्षक मजकूर",
  "SurveyMultpleOptionAddMoreOption": "+ अधिक पर्याय जोडा",
  "SurveyQuestionPickerHeader": "प्रतिसाद प्रकार निवडा",
  "SurveyQuestionPickerCloseButtonTitle": "बंद करा",
  "SurveyOptionCount": "{0} निवडी",
  "LinkedQuesInfo": "प्रश्न {0} सह लिंक केलेले",
  "Multiple Choice": "एकाधिक पसंती",
  "Text Response": "मजकूर",
  "Numeric Response": "संख्यात्मक",
  "Drop Down": "ड्रॉप डाऊन",
  "Image Upload": "प्रतिमा",
  "Phone Number": "फोन नंबर",
  "Date": "तारीख",
  "DeleteConfirmationDailogTitle": "प्रश्न हटवायचा {0}?",
  "DeleteConfirmationDailogMessage": "हटवल्यास, हा प्रश्न सर्वेक्षणामध्ये दिसणार नाही.",
  "DependencyQuestionInfoMessage": "प्रश्न {0}च्या उत्तरावर प्रश्नाची दृश्यात अवलंबून असेल",
  "DependencyQuestionDeleteConfirmationDailogMessage": "या प्रश्नावर काही प्रश्न अवलंबून आहेत. हटवल्यास, लिंक दूर केली जाईल. ",
  "DiscardConfirmationDailogBackButton": "रद्द करा",
  "DiscardConfirmationDailogDeleteButton": "हटवा",
  "SurveyDiscardDailogTitle": "आपण सोडू इच्छित असल्याची आपल्याला खात्री आहे?",
  "SurveyDiscardConfirmationDailogMessage": "तुम्ही केलेले कोणतेही बदल तुम्ही गमावाल",
  "QuestionDiscardConfirmationDailogTitle": "प्रश्न टाकून द्यायचा?",
  "QuestionDiscardConfirmationDailogMessage": "तुम्ही काढून टाकल्यास तुमचे सर्व बदल गमावले जातील",
  "QuestionDiscardConfirmationDailogBackButton": "रद्द करा",
  "QuestionDiscardConfirmationDailogDeleteButton": "नाकारा",
  "ContinueButton": "सुरू ठेवा",
  "StayButton": "राहा",
  "LeaveButton": "सोडा",
  "ConfirmButton": "पुष्टी करा",
  "title_sent": "ते <b>%s</b>",
  "subtitle": "%s ते <b>%s</b>",
  "all_filter": "सर्व दर्शवा",
  "complete_filter": "फक्त पूर्ण",
  "grouping_option_string": "लोकांनुसार गट बनवा",
  "incomplete_filter": "केवळ पूर्ण",
  "title_received": "<b>%s</b>",
  "description_string": "%s",
  "_description_string": "फोकस घटक वर्णन",
  "SurveyResponseTitle": "सर्वेक्षण प्रतिसाद",
  "Start": "प्रारंभ करा",
  "QuestionCountLabel": "{0} प्रश्न",
  "QuestionsCountLabel": "{0} प्रश्न",
  "ChooseYourAnswerLabel": "तुमचे उत्तर निवडा",
  "YourResponseLabel": "तुमचा प्रतिसाद",
  "Clear": "साफ करा",
  "ProgressTextLabel": "{1} पैकी {0}",
  "NumericPlaceHolderText": "येथे प्रविष्ट करा",
  "TapToAddPhoto": "छायाचित्र जोडण्यासाठी टॅप करा",
  "AllQuestionRespondedHeader": "सर्व प्रश्नांची उत्तरे दिली!",
  "PendingQuestionHeader": "{0} प्रश्न प्रलंबित",
  "PendingQuestionsHeader": "{0} प्रश्न प्रलंबित",
  "YouResponded": "तुमचा प्रतिसाद: ",
  "Submit": "सबमिट करा",
  "Respond": "प्रतिसाद द्या",
  "ResponseSummaryTitle": "प्रतिसाद सारांश",
  "ReponseLocationPageHeader": "तुम्ही पुढे जाण्यापूर्वी <b>{0}</b> ने तुमच्या स्थानाची विनंती केली आहे.",
  "Refresh": "रिफ्रेश करा",
  "LocationUnavaliable": "लोकेशन उपलब्ध नाही",
  "LocationTryAgain": "पुन्हा प्रयत्न करण्यासाठी रिफ्रेशवर टॅप करा",
  "ResponseNameTitle": "प्रतिसाद नाव",
  "PageLoadProgressTitle": "डेटा मिळवत आहे...",
  "SummaryNavTitle": "सर्वेक्षण",
  "ErrorTitle": "काहीतरी चूक झाली",
  "ErrorSubtitle": "कृपया तुमचे कनेक्शन तपासा आणि पुन्हा प्रयत्न करा",
  "ErrorActionTitle": "पुन्हा प्रयत्न करा",
  "SentTo": "यांना पाठविले",
  "SurveyClosed": "सर्वेक्षण बंद झाले आहे",
  "ViewMoreText": "अधिक दर्शवा",
  "ViewLessText": "कमी पहा",
  "MyResonses": "माझे प्रतिसाद",
  "NotResponded": "तुम्ही अजून प्रतिसाद दिलेला नाही",
  "Responded": "प्रतिसाद दिला",
  "RespondNow": "आत्ता प्रतिसाद द्या",
  "MyResponses": "माझे प्रतिसाद",
  "AddNewResponse": "नवीन प्रतिसाद जोडा",
  "SurveyQuestions": "सर्वेक्षण प्रश्न",
  "Insights": "अंतर्दृष्टी",
  "AllResponsesModuleHeader": "सर्व प्रतिसाद",
  "CloseSurvey": "सर्वेक्षण बंद करा",
  "ShareSurveyResults": "सर्वेक्षण निकालांसाठी लिंक",
  "RemindPeopleToRespond": "प्रतिसाद देण्यासाठी लोकांना स्मरण द्या",
  "DuplicateThisSurvey": "या सर्वेक्षणाची नक्कल करा",
  "TapToGetLink": "सर्वेक्षण निकालासाठी लिंक निर्माण करण्याकरिता टॅप करा",
  "TapToSendReminder": "स्मरण पाठविण्यासाठी टॅप करा",
  "CopyQuestionsAndCreateSurvey": "तेच प्रश्न वापरून एक नवीन सर्वेक्षण तयार करा",
  "GettingLink": "लिंक प्राप्त करत आहे...",
  "TapToShareLink": "लिंक शेअर करण्यासाठी टॅप करा",
  "Responses": "प्रतिसाद",
  "Respondents": "प्रतिसादकर्ते",
  "AllResponses": "सर्व प्रतिसाद",
  "MultipleChoice": "एकाधिक पसंती",
  "TextInput": "मजकूर इनपुट",
  "NumberInput": "नंबर इनपुट",
  "ImageAttachment": "प्रतिमा संलग्नक",
  "X_Responses": "{0} प्रतिसाद",
  "FROM_X_Respondents": "{0} प्रतिसादकर्त्यांकडून",
  "SURVEY_CLOSES_ON_X": "सर्वेक्षण {0} रोजी बंद होते",
  "X_Of_Y_People": "{1} मधील {0} लोक",
  "X_People": "{0} लोक",
  "One_Person": "1 व्यक्ति",
  "One_Person.comment": "स्थिर स्ट्रिंग. प्रतिसाद अंतर्दृष्टीमध्ये वापरली.",
  "AggregationNotSupported": "या प्रश्न प्रकारासाठी समुच्चयन समर्थित नाही. तपशीलांसाठी कृपया सर्वेक्षणाचे निकाल डाऊनलोड करा",
  "ExpiresIn": "{0} मध्ये कालबाह्य होते",
  "NextButtonTitle": "पुढील",
  "PreviousButtonTitle": "मागील",
  "SumTitle": "बेरीज",
  "AverageTitle": "सरासरी",
  "QuestionResponsesNavTitle": "{1} पैकी {0} प्रश्न",
  "QuestionResponsesTitle": "प्रतिसाद ({0} एकूण)",
  "CurrentUserResponsesNavTitle": "तुमचे प्रतिसाद",
  "UserResponsesNavTitle": "{0} चे प्रतिसाद",
  "SingleResponseMyResponseTitle": "तुम्ही प्रतिसाद दिला",
  "SingleResponseNavTitle": "{0} चा प्रतिसाद",
  "CurrentUserSingleResponseNavTitle": "तुमचा प्रतिसाद",
  "SubmitResponseTitle": "प्रतिसाद सबमिट करा",
  "SurveyEditPageTitle": "सर्वेक्षण संपादित करा",
  "SummaryEditSurveyTitle": "सर्वेक्षण संपादित करा",
  "EditSurveySubTitle": "सर्वेक्षण शीर्षक आणि सेटिंग्ज संपादित करण्‍यासाठी टॅप करा. सर्वेक्षणाचे प्रश्न संपादित करता येत नाहीत.",
  "SurveyEditPageUpdateButton": "अपडेट करा",
  "EditSurveyPageUserMessage": "केवळ सर्वेक्षणाचे तपशील आणि निवडलेली सेटिंग्ज संपादित करता येतात. अधिक बदलांसाठी, तुम्हाला कदाचित नवीन सर्वेक्षण तयार करावे लागेल",
  "UnsavedChanges": "बदल नाकारायचे?",
  "DiscardConfirmationDailogDiscardButton": "नाकारा",
  "EditSurveyDiscardConfirmationDailogMessage": "तुम्ही काढून टाकल्यास तुमचे सर्व बदल गमावले जातील",
  "EditSurveyFailureMessage": "या क्षणी सर्वेक्षण संपादित करू शकत नाही. कृपया पुन्हा प्रयत्न करा.",
  "EditSurveyNoUpdates": "या सर्वेक्षणात कोणतेही बदल केलेले नाहीत",
  "EditPageUpdatingMsg": "अद्ययावत करत आहे...",
  "Cancel": "रद्द करा",
  "DefaultResponseName": "प्रतिसाद {0}",
  "LocationDisclaimerText": "या सर्वेक्षणाचा भाग म्हणून तुमचे स्थान आवश्यक असेल. तुमच्या संमतीविना Kaizala तुमचे स्थान अ‍ॅक्सेस करू शकणार नाही किंवा ते वापरणार नाही.",
  "DiscardSurveyResponseDailogMessage": "तुम्हाला नक्की तुमचा प्रतिसाद काढून टाकायचा आहे का?",
  "ResponseSummaryLocationText": "या प्रतिसादाचा भाग म्हणून तुमचे लोकेशन शेअर केले जाईल.",
  "FetchingDetailedSummary": "तपशील मिळवत आहे...",
  "NumericInputErrorLabel": "केवळ संख्यात्मक इनपुट स्वीकारला जातो",
  "DeleteCoverImage": "मुखपृष्ठ प्रतिमा हटवा",
  "DeletedCoverImage": "सर्वेक्षण मुखपृष्ठ प्रतिमा हटवली",
  "CoverImage": "मुखपृष्ठ प्रतिमा",
  "QuestionHeaderText": "प्रश्न {0}, {1}",
  "DeleteQuestion": "प्रश्न हटवा",
  "DeleteOption": "पर्याय हटवा",
  "DeletedOptionTalkback": "पर्याय हटवला",
  "OptionDeleteConfirmationDailogTitle": "पर्याय हटवा?",
  "DropDownOptionDeleteConfirmationDailogTitle": "बदलाची पुष्टी करायची?",
  "OptionDeleteConfirmationDailogMessage": "जर हटवला असेल, तर हा विकल्प प्रश्नामध्ये दिसून येणार नाही",
  "DependencyDropDownOptDeleteConfirmationDialogMessage": "तुम्ही एक असा पर्याय हटवत आहात किंवा संपादित करत आहात जो त्याच्याशी संबंधित आहे. तुम्ही पुढे सुरू ठेवल्यास, लिंक काढून टाकली जाईल.",
  "DependencyOptionDeleteConfirmationDailogMessage": "हा पर्याय त्यावर अवलंबून काही प्रश्न आहे. हटविल्यानंतर, लिंक दूर केली जाईल.",
  "Edit": "संपादित करा",
  "SurveyDropDownAnswersPlaceHolderText": "उत्तराचे पर्याय जोडा. पर्याय जोडण्यासाठी एंटर कळ वापरा.",
  "SurveyMakeThisQuestionOptionalText": "हा प्रश्न पर्यायी बनवा",
  "TapToSelectOptionText": "पर्याय निवडण्यासाठी टॅप करा",
  "AnswerChoicesText": "उत्तराचे पर्याय",
  "MultipleImageSelectionError": "तुम्ही एकाधिक प्रतिमा निवडल्या आहेत. फक्त पहिली प्रतिमा पाठवली जाईल. एक भिन्न चित्र वापरण्यासाठी साफ करा वर टॅप करा",
  "TapToOpenCamera": "कॅमेरा उघडण्यासाठी टॅप करा",
  "DateResponseSelectDate": "तारीख निवडा",
  "DateResponseTapToAddDate": "तारीख जोडण्यासाठी टॅप करा",
  "PhoneNumberResponseEnterPhoneNumber": "फोन नंबर प्रविष्ट करा",
  "QuestionHeader": "प्रश्न {0}",
  "NotRespondedTitle": "प्रतिसाद दिलेला नाही",
  "SendReminder": "स्मरणपत्र पाठवा",
  "FeatureNotAvailableForForumMsg": "हे वैशिष्ट्य या गटासाठी सध्या उपलब्ध नाही",
  "QuestionRangeErrorString": "प्रतिसाद {0} ते {1} दरम्यान असावा",
  "QuestionLengthRangeErrorString": "प्रतिसादाची लांबी {0} आणि {1} दरम्यान असावी",
  "QuestionPhoneNumberLengthErrorString": "फोन नंबरची लांबी {0} असावी",
  "QuestionRangeOnlyIntegersErrorString": "प्रतिसाद एक पूर्णांक असावा आणि {0} ते {1} दरम्यान असावा",
  "QuestionResponseIntegerOnlyError": "प्रतिसाद एक पूर्णांक असावा ",
  "QuestionRangeHelpText": "{0} आणि {1} दरम्यान प्रतिसाद टाईप करा",
  "QuestionRangeIntHelpText": "{0} आणि {1} दरम्यान पूर्णांक टाईप करा",
  "QuestionLengthHelpText": "{0} आणि {1} दरम्यान लांबी असलेला एक प्रतिसाद टाईप करा",
  "QuestionPhoneNumberLengthHelpText": "{0} लांबीचा फोन नंबर टाईप करा",
  "QuestionResponseIntegerOnlyHelpText": "एक पूर्णांक मूल्य टाईप करा",
  "Optional": "पर्यायी",
  "NumericInputHelpText": "केवळ अंक टाईप करा",
  "NumericInputHelpText.comment": "चुकीच्या संख्यात्मक इनपुटसाठी मदत मजकूर",
  "Warning": "चेतावणी!!!",
  "Survey_Title": "सर्वेक्षण",
  "Survey_ReminderTitle": "सर्वेक्षण स्मरणपत्र",
  "Survey_Questions": "प्रश्न",
  "Survey_Question": "प्रश्न",
  "Survey_SummaryText_NoResponse_Creator": "प्रतिसादांची प्रतीक्षा करत आहे",
  "Survey_SummaryText_NoResponse_Receiver": "प्रतिसाद देणारे प्रथम बना!",
  "Survey_SummaryText_CompleteResponse": "सर्वांनी हे सर्वेक्षण घेतलेले आहे",
  "Survey_SummaryText_IncompleteResponse": "{1} पैकी {0} लोकांनी प्रतिसाद दिला",
  "Survey_SummaryText_IncompleteResponse_Public_Grp": "{0} लोकांनी प्रतिसाद दिला",
  "Survey_SummaryText_OneResponse_Public_Grp": "1 व्यक्तीने प्रतिसाद दिला",
  "Survey_RespondButton_Title": "सर्वेक्षण करा",
  "Survey_AddNewResponseButton_Title": "दुसरा प्रतिसाद जोडा",
  "Survey_Edited_Text": ". संपादित केले",
  "SurveySummaryPageTitle": "सर्वेक्षणाचा सारांश",
  "SurveyResponsePageTitle": "सर्वेक्षण प्रतिसाद",
  "SurveyCreationPageTitle": "सर्वेक्षण निर्मिती",
  "RefreshResponsesButtonTitle": "प्रतिसाद रिफ्रेश करा",
  "AddQuestionHere": "प्रश्‍न येथे जोडा",
  "ResponderLocation": "प्रतिसादकर्त्याचे स्थान"
}