{
    "strMiniAppTitle": "Daily Sign out Form",
    "Your Name": "Your Name",
    "Time In": "Time In",
    "Time Out": "Time Out",
    "strTapToEnter": "Tap to enter",
    "Site": "Site",
    "JobCard": "JobCard",
    "Name": "Name",
    "Phone": "Phone Number",
    "Location": "Location",
    "Point": "Point",
    "strMiniAppYourDetails": "Your Details",
    "strNoLocationLabel": "Due to poor network connectivity, your location could not be fetched",
    "strRefreshLabel": "REFRESH",
    "strMiniAppLocationNetworkWarningLabel": "Due to poor network connectivity, your location map could not be fetched. Your location co-ordinates will be shared instead",
    "strMiniAppLoadingLabel": "Please wait while we try to fetch your location",
    "strNoLocationAlertLabel": "Location not found. Please ensure that you have turned on location services and provided Kaizala the location permission. Tap on refresh below to try fetching location again",
    "strProgressTextLabel": "{0} of {1}",
    "strConnectGroupName": "Need To change",
    "strMiniAppHeaderTimeLabel": "Created by you at {0}",
    "strSendResponseLabel": "SUBMIT",
    "Response Time": "Response Time",
    "ICT AFRICA": "ICT AFRICA",
    "ASL Trading": "ASL Trading",
    "ASL Packaging": "ASL Packaging",
    "ASL Hardware": "ASL Hardware",
    "ASL Wire & Cable": "ASL Wire & Cable",
    "ASL TZ": "ASL TZ",
    "ASL Steel Division": "ASL Steel Division",
    "ASL Heavy Fabrication": "ASL Heavy Fabrication",
    "ASL Credit": "ASL Credit",
    "ASTROL": "ASTROL",
    "CROWN": "CROWN",
    "ECO PALLETS": "ECO PALLETS",
    "FLEXOWORLD": "FLEXOWORLD",
    "LINO STATIONERS": "LINO STATIONERS",
    "MARKRTPOWER": "MARKRTPOWER",
    "OFFICE MART": "OFFICE MART",
    "OTL": "OTL",
    "POLYTHENE INDUSTRIES": "POLYTHENE INDUSTRIES",
    "PROSERVE": "PROSERVE",
    "PLATINUM PACKAGINGS": "PLATINUM PACKAGINGS",
    "PRINT STORES": "PRINT STORES",
    "SAI OFFICE": "SAI OFFICE",
    "RAMCO CHEMICALS": "RAMCO CHEMICALS",
    "RAMCO HARDWARE": "RAMCO HARDWARE",
    "RAMCO PRINTING": "RAMCO PRINTING",
    "Travelshoppe": "Travelshoppe"
}