{
    "title": "Daily Interns Form",
    "visibility": "All",
    "expiry": 0,
    "isAnonymous": false,
    "isResponseAppended": true,
    "isLocationRequested": false,
    "questions": [
        
        {
            "title": "Site",
            "type": "SingleSelect",
            "options": [{
                    "title": "ICT AFRICA"
                },
                {
                    "title": "ASL Trading"
                },
                {
                    "title": "ASL Packaging"
                },
                {
                    "title": "ASL Hardware"
                },
                {
                    "title": "ASL Wire & Cable"
                },
                {
                    "title": "ASL TZ"
                },
                {
                    "title": "ASL Steel Division"
                },
                {
                    "title": "ASL Heavy Fabrication"
                },
                {
                    "title": "ASL Credit"
                },
                {
                    "title": "ASTROL"
                },
                {
                    "title": "CROWN"
                },
                {
                    "title": "ECO PALLETS"
                },
                {
                    "title": "FLEXOWORLD"
                },
                {
                    "title": "LINO STATIONERS"
                },
                {
                    "title": "MARKRTPOWER"
                },
                {
                    "title": "OFFICE MART"
                },
                {
                    "title": "OTL"
                },
                {
                    "title": "POLYTHENE INDUSTRIES"
                },
                {
                    "title": "PROSERVE"
                },
                {
                    "title": "PLATINUM PACKAGINGS"
                },
                {
                    "title": "PRINT STORES"
                },
                {
                    "title": "SAI OFFICE"
                },
                {
                    "title": "RAMCO CHEMICALS"
                },
                {
                    "title": "RAMCO HARDWARE"
                },
                {
                    "title": "RAMCO PRINTING"
                }

            ]
        },
        {
            "title": "Name",
            "type": "Text"
        },
        {
            "title": "Phone",
            "type": "Text"
        },
        {
          "title": "Location",
          "type": "Location"
        },
        {
            "title": "Point",
            "type": "Text"
          },
        {
          "title": "Response Time",
          "type": "DateTime"
        }
    ]
}