{"title":"Plant Housekeeping Inspection Checklist","visibility":"All","allowSendReminder":"Sender","isAnonymous":false,"isResponseAppended":true,"isLocationRequired":true,"questions":[{"valif":"{\"rule\":{\"<=\":[\"5\",{\"len\":[{\"var\":\"response\"}]},\"500\"]},\"errMsg\":\"QuestionLengthRangeErrorString\",\"helpText\":\"QuestionLengthHelpText\",\"minValue\":\"5\",\"maxValue\":\"500\"}","visif":"{}","title":"Performed by (Enter your full name)","type":"Text","displayType":"None","config":{"addPageBreak":true,"isCameraOnlyImageSource":false,"attachmentListType":0},"isInvisible":false,"options":null,"isExcludedFromReporting":false,"isOptional":false},{"valif":null,"visif":"{}","title":"Entanglement getting caught in the plant: Can clothes, hair, jewellery etc. get caught in any moving parts?","type":"SingleSelect","displayType":"RadioButton","config":{"addPageBreak":true,"isCameraOnlyImageSource":false,"attachmentListType":0},"isInvisible":false,"options":[{"title":"Yes","pictureUrl":null},{"title":"No","pictureUrl":null}],"isExcludedFromReporting":false,"isOptional":false},{"valif":"{\"rule\":{\"<=\":[\"1\",{\"len\":[{\"var\":\"response\"}]},\"500\"]},\"errMsg\":\"QuestionLengthRangeErrorString\",\"helpText\":\"QuestionLengthHelpText\",\"minValue\":\"1\",\"maxValue\":\"500\"}","visif":"{\"qId\":\"1\",\"opId\":\"0\",\"rule\":{\"==\":[\"0\",{\"var\":\"question.1\"}]}}","title":"You answered YES on the previous question, briefly describe your answer","type":"Text","displayType":"None","config":{"addPageBreak":true,"isCameraOnlyImageSource":false,"attachmentListType":0},"isInvisible":false,"options":null,"isExcludedFromReporting":false,"isOptional":true},{"valif":null,"visif":"{\"qId\":\"1\",\"opId\":\"0\",\"rule\":{\"==\":[\"0\",{\"var\":\"question.1\"}]}}","title":"Please take image photo of the hazard described above","type":"AttachmentList","displayType":"None","config":{"addPageBreak":true,"isCameraOnlyImageSource":true,"attachmentListType":1},"isInvisible":false,"options":null,"isExcludedFromReporting":false,"isOptional":true},{"valif":null,"visif":"{}","title":"Crushing can anyone be crushed by: The machines moving parts? Being trapped between any materials and the machine? Any moving machine and a fixed structure? Anything or any part falling off the machine? Uncontrolled movement of the machine? Any other mechanism?","type":"SingleSelect","displayType":"RadioButton","config":{"addPageBreak":true,"isCameraOnlyImageSource":false,"attachmentListType":0},"isInvisible":false,"options":[{"title":"Yes","pictureUrl":null},{"title":"No","pictureUrl":null}],"isExcludedFromReporting":false,"isOptional":false},{"valif":"{\"rule\":{\"<=\":[\"1\",{\"len\":[{\"var\":\"response\"}]},\"500\"]},\"errMsg\":\"QuestionLengthRangeErrorString\",\"helpText\":\"QuestionLengthHelpText\",\"minValue\":\"1\",\"maxValue\":\"500\"}","visif":"{\"qId\":\"4\",\"opId\":\"0\",\"rule\":{\"==\":[\"0\",{\"var\":\"question.4\"}]}}","title":"You answered YES on the previous question, briefly describe your answer","type":"Text","displayType":"None","config":{"addPageBreak":true,"isCameraOnlyImageSource":false,"attachmentListType":0},"isInvisible":false,"options":null,"isExcludedFromReporting":false,"isOptional":false},{"valif":null,"visif":"{\"qId\":\"4\",\"opId\":\"0\",\"rule\":{\"==\":[\"0\",{\"var\":\"question.4\"}]}}","title":"Please take image photo of the hazard described above","type":"AttachmentList","displayType":"None","config":{"addPageBreak":true,"isCameraOnlyImageSource":true,"attachmentListType":1},"isInvisible":false,"options":null,"isExcludedFromReporting":false,"isOptional":true},{"valif":null,"visif":"{}","title":"Cutting can anyone be cut, stabbed, or punctured by: Any exposed parts of a blade or sharp edge? Being caught between moving parts? Being caught between the job and the machine? Material being ejected from the machine? Rapidly moving machine parts? Any other mechanism?","type":"SingleSelect","displayType":"RadioButton","config":{"addPageBreak":true,"isCameraOnlyImageSource":false,"attachmentListType":0},"isInvisible":false,"options":[{"title":"Yes","pictureUrl":null},{"title":"No","pictureUrl":null}],"isExcludedFromReporting":false,"isOptional":false},{"valif":"{\"rule\":{\"<=\":[\"1\",{\"len\":[{\"var\":\"response\"}]},\"500\"]},\"errMsg\":\"QuestionLengthRangeErrorString\",\"helpText\":\"QuestionLengthHelpText\",\"minValue\":\"1\",\"maxValue\":\"500\"}","visif":"{\"qId\":\"7\",\"opId\":\"0\",\"rule\":{\"==\":[\"0\",{\"var\":\"question.7\"}]}}","title":"You answered YES on the previous question, briefly describe your answer","type":"Text","displayType":"None","config":{"addPageBreak":true,"isCameraOnlyImageSource":false,"attachmentListType":0},"isInvisible":false,"options":null,"isExcludedFromReporting":false,"isOptional":false},{"valif":null,"visif":"{\"qId\":\"7\",\"opId\":\"0\",\"rule\":{\"==\":[\"0\",{\"var\":\"question.7\"}]}}","title":"Please take image photo of the hazard described above","type":"AttachmentList","displayType":"None","config":{"addPageBreak":true,"isCameraOnlyImageSource":true,"attachmentListType":1},"isInvisible":false,"options":null,"isExcludedFromReporting":false,"isOptional":true},{"valif":null,"visif":"{}","title":"Impact can anyone be struck by: Moving machine parts? Unexpected or uncontrolled machine movements? The machine, because it is mobile? Parts of the materials disintegrating? Any other object?","type":"SingleSelect","displayType":"RadioButton","config":{"addPageBreak":true,"isCameraOnlyImageSource":false,"attachmentListType":0},"isInvisible":false,"options":[{"title":"Yes","pictureUrl":null},{"title":"No","pictureUrl":null}],"isExcludedFromReporting":false,"isOptional":false},{"valif":"{\"rule\":{\"<=\":[\"1\",{\"len\":[{\"var\":\"response\"}]},\"500\"]},\"errMsg\":\"QuestionLengthRangeErrorString\",\"helpText\":\"QuestionLengthHelpText\",\"minValue\":\"1\",\"maxValue\":\"500\"}","visif":"{\"qId\":\"10\",\"opId\":\"0\",\"rule\":{\"==\":[\"0\",{\"var\":\"question.10\"}]}}","title":"You answered YES on the previous question, briefly describe your answer","type":"Text","displayType":"None","config":{"addPageBreak":true,"isCameraOnlyImageSource":false,"attachmentListType":0},"isInvisible":false,"options":null,"isExcludedFromReporting":false,"isOptional":false},{"valif":null,"visif":"{\"qId\":\"10\",\"opId\":\"0\",\"rule\":{\"==\":[\"0\",{\"var\":\"question.10\"}]}}","title":"Please take image photo of the hazard described above","type":"AttachmentList","displayType":"None","config":{"addPageBreak":true,"isCameraOnlyImageSource":true,"attachmentListType":1},"isInvisible":false,"options":null,"isExcludedFromReporting":false,"isOptional":true},{"valif":null,"visif":"{}","title":"Electrical can anyone be injured through electrocution, electrical burns or electrical fire by: The machine being operated close to electrical conductors? Damage to electrical leads and plugs? The machine being operated in a wet or dusty environment? Lockout/isolation procedures not being used correctly?","type":"SingleSelect","displayType":"RadioButton","config":{"addPageBreak":true,"isCameraOnlyImageSource":false,"attachmentListType":0},"isInvisible":false,"options":[{"title":"Yes","pictureUrl":null},{"title":"No","pictureUrl":null}],"isExcludedFromReporting":false,"isOptional":false},{"valif":"{\"rule\":{\"<=\":[\"1\",{\"len\":[{\"var\":\"response\"}]},\"500\"]},\"errMsg\":\"QuestionLengthRangeErrorString\",\"helpText\":\"QuestionLengthHelpText\",\"minValue\":\"1\",\"maxValue\":\"500\"}","visif":"{\"qId\":\"13\",\"opId\":\"0\",\"rule\":{\"==\":[\"0\",{\"var\":\"question.13\"}]}}","title":"You answered YES on the previous question, briefly describe your answer","type":"Text","displayType":"None","config":{"addPageBreak":true,"isCameraOnlyImageSource":false,"attachmentListType":0},"isInvisible":false,"options":null,"isExcludedFromReporting":false,"isOptional":false},{"valif":null,"visif":"{\"qId\":\"13\",\"opId\":\"0\",\"rule\":{\"==\":[\"0\",{\"var\":\"question.13\"}]}}","title":"Please take image photo of the hazard described above","type":"AttachmentList","displayType":"None","config":{"addPageBreak":true,"isCameraOnlyImageSource":true,"attachmentListType":1},"isInvisible":false,"options":null,"isExcludedFromReporting":false,"isOptional":true},{"valif":null,"visif":"{}","title":"Slipping, tripping or falling can anyone slip, trip or fall near the plant because: Floors around the machine are uneven or slippery? Power tools, air hoses, oil lines etc. are lying on the floor? Waste, off-cuts or other materials are left lying on the floor? Raw materials or product storage are not appropriate? There is not enough access to move around the plant freely? Any other reasons?","type":"SingleSelect","displayType":"RadioButton","config":{"addPageBreak":true,"isCameraOnlyImageSource":false,"attachmentListType":0},"isInvisible":false,"options":[{"title":"Yes","pictureUrl":null},{"title":"No","pictureUrl":null}],"isExcludedFromReporting":false,"isOptional":false},{"valif":"{\"rule\":{\"<=\":[\"1\",{\"len\":[{\"var\":\"response\"}]},\"500\"]},\"errMsg\":\"QuestionLengthRangeErrorString\",\"helpText\":\"QuestionLengthHelpText\",\"minValue\":\"1\",\"maxValue\":\"500\"}","visif":"{\"qId\":\"16\",\"opId\":\"0\",\"rule\":{\"==\":[\"0\",{\"var\":\"question.16\"}]}}","title":"You answered YES on the previous question, briefly describe your answer","type":"Text","displayType":"None","config":{"addPageBreak":true,"isCameraOnlyImageSource":false,"attachmentListType":0},"isInvisible":false,"options":null,"isExcludedFromReporting":false,"isOptional":false},{"valif":null,"visif":"{\"qId\":\"16\",\"opId\":\"0\",\"rule\":{\"==\":[\"0\",{\"var\":\"question.16\"}]}}","title":"Please take image photo of the hazard described above","type":"AttachmentList","displayType":"None","config":{"addPageBreak":true,"isCameraOnlyImageSource":true,"attachmentListType":1},"isInvisible":false,"options":null,"isExcludedFromReporting":false,"isOptional":true},{"valif":null,"visif":"{}","title":"Falls from heights can anyone fall from a height because: Guard rails are missing or not fixed properly? There is a lack of stairs or ladders? There are unexpected holes or openings? There is a lack of fall protection devices available? Employees are trained inappropriately? Any other reasons?","type":"SingleSelect","displayType":"RadioButton","config":{"addPageBreak":true,"isCameraOnlyImageSource":false,"attachmentListType":0},"isInvisible":false,"options":[{"title":"Yes","pictureUrl":null},{"title":"No","pictureUrl":null}],"isExcludedFromReporting":false,"isOptional":false},{"valif":"{\"rule\":{\"<=\":[\"1\",{\"len\":[{\"var\":\"response\"}]},\"500\"]},\"errMsg\":\"QuestionLengthRangeErrorString\",\"helpText\":\"QuestionLengthHelpText\",\"minValue\":\"1\",\"maxValue\":\"500\"}","visif":"{\"qId\":\"19\",\"opId\":\"0\",\"rule\":{\"==\":[\"0\",{\"var\":\"question.19\"}]}}","title":"You answered YES on the previous question, briefly describe your answer","type":"Text","displayType":"None","config":{"addPageBreak":true,"isCameraOnlyImageSource":false,"attachmentListType":0},"isInvisible":false,"options":null,"isExcludedFromReporting":false,"isOptional":false},{"valif":null,"visif":"{\"qId\":\"19\",\"opId\":\"0\",\"rule\":{\"==\":[\"0\",{\"var\":\"question.19\"}]}}","title":"Please take image photo of the hazard described above","type":"AttachmentList","displayType":"None","config":{"addPageBreak":true,"isCameraOnlyImageSource":true,"attachmentListType":1},"isInvisible":false,"options":null,"isExcludedFromReporting":false,"isOptional":true},{"valif":null,"visif":"{}","title":"Ergonomics can anyone develop muscular or skeletal injuries because: Seating for the machine operator is poorly designed? There is excessive repetitive movement of the upper body, arms and joints? Body posture is in an awkward or fixed position? Plant control labels are not clear or appropriate? Regularly used controls/operations are not within easy comfortable reach? Working height is not correct for the work object or task? Floors are uneven or slippery? There is vibration from the machine or process? Ventilation is inadequate? Lighting is poor or not specific for the task? Heating/cooling in the machine area is inadequate? Any other reasons?","type":"SingleSelect","displayType":"RadioButton","config":{"addPageBreak":true,"isCameraOnlyImageSource":false,"attachmentListType":0},"isInvisible":false,"options":[{"title":"Yes","pictureUrl":null},{"title":"No","pictureUrl":null}],"isExcludedFromReporting":false,"isOptional":false},{"valif":"{\"rule\":{\"<=\":[\"1\",{\"len\":[{\"var\":\"response\"}]},\"500\"]},\"errMsg\":\"QuestionLengthRangeErrorString\",\"helpText\":\"QuestionLengthHelpText\",\"minValue\":\"1\",\"maxValue\":\"500\"}","visif":"{\"qId\":\"22\",\"opId\":\"0\",\"rule\":{\"==\":[\"0\",{\"var\":\"question.22\"}]}}","title":"You answered YES on the previous question, briefly describe your answer","type":"Text","displayType":"None","config":{"addPageBreak":true,"isCameraOnlyImageSource":false,"attachmentListType":0},"isInvisible":false,"options":null,"isExcludedFromReporting":false,"isOptional":false},{"valif":null,"visif":"{\"qId\":\"22\",\"opId\":\"0\",\"rule\":{\"==\":[\"0\",{\"var\":\"question.22\"}]}}","title":"Please take image photo of the hazard described above","type":"AttachmentList","displayType":"None","config":{"addPageBreak":true,"isCameraOnlyImageSource":true,"attachmentListType":1},"isInvisible":false,"options":null,"isExcludedFromReporting":false,"isOptional":true},{"valif":null,"visif":"{}","title":"Access/egress can anyone be injured in any way because: There is insufficient room to move around the machine when it is in operation? There is insufficient room to move around the machine when commissioning, maintenance, repairs or decommissioning occur? Any other reasons?","type":"SingleSelect","displayType":"RadioButton","config":{"addPageBreak":true,"isCameraOnlyImageSource":false,"attachmentListType":0},"isInvisible":false,"options":[{"title":"Yes","pictureUrl":null},{"title":"No","pictureUrl":null}],"isExcludedFromReporting":false,"isOptional":false},{"valif":"{\"rule\":{\"<=\":[\"1\",{\"len\":[{\"var\":\"response\"}]},\"500\"]},\"errMsg\":\"QuestionLengthRangeErrorString\",\"helpText\":\"QuestionLengthHelpText\",\"minValue\":\"1\",\"maxValue\":\"500\"}","visif":"{\"qId\":\"25\",\"opId\":\"0\",\"rule\":{\"==\":[\"0\",{\"var\":\"question.25\"}]}}","title":"You answered YES on the previous question, briefly describe your answer","type":"Text","displayType":"None","config":{"addPageBreak":true,"isCameraOnlyImageSource":false,"attachmentListType":0},"isInvisible":false,"options":null,"isExcludedFromReporting":false,"isOptional":false},{"valif":null,"visif":"{\"qId\":\"25\",\"opId\":\"0\",\"rule\":{\"==\":[\"0\",{\"var\":\"question.25\"}]}}","title":"Please take image photo of the hazard described above","type":"AttachmentList","displayType":"None","config":{"addPageBreak":true,"isCameraOnlyImageSource":true,"attachmentListType":1},"isInvisible":false,"options":null,"isExcludedFromReporting":false,"isOptional":true},{"valif":null,"visif":"{}","title":"Temperature can anyone be affected by the temperature because: The machine is hot or cold to touch? The worker is required to enter hot or cold areas of the machine? The worker is required to operate or repair a hot or cold machine? Any other reasons?","type":"SingleSelect","displayType":"RadioButton","config":{"addPageBreak":true,"isCameraOnlyImageSource":false,"attachmentListType":0},"isInvisible":false,"options":[{"title":"Yes","pictureUrl":null},{"title":"No","pictureUrl":null}],"isExcludedFromReporting":false,"isOptional":false},{"valif":"{\"rule\":{\"<=\":[\"1\",{\"len\":[{\"var\":\"response\"}]},\"500\"]},\"errMsg\":\"QuestionLengthRangeErrorString\",\"helpText\":\"QuestionLengthHelpText\",\"minValue\":\"1\",\"maxValue\":\"500\"}","visif":"{\"qId\":\"28\",\"opId\":\"0\",\"rule\":{\"==\":[\"0\",{\"var\":\"question.28\"}]}}","title":"You answered YES on the previous question, briefly describe your answer","type":"Text","displayType":"None","config":{"addPageBreak":true,"isCameraOnlyImageSource":false,"attachmentListType":0},"isInvisible":false,"options":null,"isExcludedFromReporting":false,"isOptional":false},{"valif":null,"visif":"{\"qId\":\"28\",\"opId\":\"0\",\"rule\":{\"==\":[\"0\",{\"var\":\"question.28\"}]}}","title":"Please take image photo of the hazard described above","type":"AttachmentList","displayType":"None","config":{"addPageBreak":true,"isCameraOnlyImageSource":true,"attachmentListType":1},"isInvisible":false,"options":null,"isExcludedFromReporting":false,"isOptional":true},{"valif":null,"visif":"{}","title":"Noise can anyone be injured because: The noise from the machine is excessive? The noise from the machine distracts workers from concentrating on the task? Any other reasons?","type":"SingleSelect","displayType":"RadioButton","config":{"addPageBreak":true,"isCameraOnlyImageSource":false,"attachmentListType":0},"isInvisible":false,"options":[{"title":"Yes","pictureUrl":null},{"title":"No","pictureUrl":null}],"isExcludedFromReporting":false,"isOptional":false},{"valif":"{\"rule\":{\"<=\":[\"1\",{\"len\":[{\"var\":\"response\"}]},\"500\"]},\"errMsg\":\"QuestionLengthRangeErrorString\",\"helpText\":\"QuestionLengthHelpText\",\"minValue\":\"1\",\"maxValue\":\"500\"}","visif":"{\"qId\":\"31\",\"opId\":\"0\",\"rule\":{\"==\":[\"0\",{\"var\":\"question.31\"}]}}","title":"You answered YES on the previous question, briefly describe your answer","type":"Text","displayType":"None","config":{"addPageBreak":true,"isCameraOnlyImageSource":false,"attachmentListType":0},"isInvisible":false,"options":null,"isExcludedFromReporting":false,"isOptional":false},{"valif":null,"visif":"{\"qId\":\"31\",\"opId\":\"0\",\"rule\":{\"==\":[\"0\",{\"var\":\"question.31\"}]}}","title":"Please take image photo of the hazard described above","type":"AttachmentList","displayType":"None","config":{"addPageBreak":true,"isCameraOnlyImageSource":true,"attachmentListType":1},"isInvisible":false,"options":null,"isExcludedFromReporting":false,"isOptional":true},{"valif":null,"visif":"{}","title":"Hazardous substances can health or safety of workers be affected because: The machine requires chemicals (oils, solvents or gases) to be used in the operating, maintenance and repair Processes? Fumes, vapours or dusts are given off during the operating, maintenance and repair processes? Any other reasons?","type":"SingleSelect","displayType":"RadioButton","config":{"addPageBreak":true,"isCameraOnlyImageSource":false,"attachmentListType":0},"isInvisible":false,"options":[{"title":"Yes","pictureUrl":null},{"title":"No","pictureUrl":null}],"isExcludedFromReporting":false,"isOptional":false},{"valif":"{\"rule\":{\"<=\":[\"1\",{\"len\":[{\"var\":\"response\"}]},\"500\"]},\"errMsg\":\"QuestionLengthRangeErrorString\",\"helpText\":\"QuestionLengthHelpText\",\"minValue\":\"1\",\"maxValue\":\"500\"}","visif":"{\"qId\":\"34\",\"opId\":\"0\",\"rule\":{\"==\":[\"0\",{\"var\":\"question.34\"}]}}","title":"You answered YES on the previous question, briefly describe your answer","type":"Text","displayType":"None","config":{"addPageBreak":true,"isCameraOnlyImageSource":false,"attachmentListType":0},"isInvisible":false,"options":null,"isExcludedFromReporting":false,"isOptional":false},{"valif":null,"visif":"{\"qId\":\"34\",\"opId\":\"0\",\"rule\":{\"==\":[\"0\",{\"var\":\"question.34\"}]}}","title":"Please take image photo of the hazard described above","type":"AttachmentList","displayType":"None","config":{"addPageBreak":true,"isCameraOnlyImageSource":true,"attachmentListType":1},"isInvisible":false,"options":null,"isExcludedFromReporting":false,"isOptional":true},{"valif":null,"visif":"{}","title":"Pressure can anyone be injured because: Pressurised pipes or hoses could burst? Pressure vessels are situated near the operation? Pressure relief valves are not maintained? Pressure relief valves are situated near the operator or other workers? Compressed air is used to blow dust off the machine or the task? Compressed air is used to blow dust off workers? (not to be encouraged) Any other reasons?","type":"SingleSelect","displayType":"RadioButton","config":{"addPageBreak":true,"isCameraOnlyImageSource":false,"attachmentListType":0},"isInvisible":false,"options":[{"title":"Yes","pictureUrl":null},{"title":"No","pictureUrl":null}],"isExcludedFromReporting":false,"isOptional":false},{"valif":"{\"rule\":{\"<=\":[\"1\",{\"len\":[{\"var\":\"response\"}]},\"500\"]},\"errMsg\":\"QuestionLengthRangeErrorString\",\"helpText\":\"QuestionLengthHelpText\",\"minValue\":\"1\",\"maxValue\":\"500\"}","visif":"{\"qId\":\"37\",\"opId\":\"0\",\"rule\":{\"==\":[\"0\",{\"var\":\"question.37\"}]}}","title":"You answered YES on the previous question, briefly describe your answer","type":"Text","displayType":"None","config":{"addPageBreak":true,"isCameraOnlyImageSource":false,"attachmentListType":0},"isInvisible":false,"options":null,"isExcludedFromReporting":false,"isOptional":false},{"valif":null,"visif":"{\"qId\":\"37\",\"opId\":\"0\",\"rule\":{\"==\":[\"0\",{\"var\":\"question.37\"}]}}","title":"Please take image photo of the hazard described above","type":"AttachmentList","displayType":"None","config":{"addPageBreak":true,"isCameraOnlyImageSource":true,"attachmentListType":1},"isInvisible":false,"options":null,"isExcludedFromReporting":false,"isOptional":true},{"valif":null,"visif":"{}","title":"Upload self image on location of inspection at time of inspection","type":"Image","displayType":"None","config":{"addPageBreak":true,"isCameraOnlyImageSource":true,"attachmentListType":0},"isInvisible":false,"options":null,"isExcludedFromReporting":false,"isOptional":false},{"valif":null,"visif":null,"title":"Responder Location","type":"Location","displayType":"None","config":{"addPageBreak":true,"isCameraOnlyImageSource":false,"attachmentListType":0},"isInvisible":false,"options":null,"isExcludedFromReporting":false,"isOptional":false}],"properties":null,"expiry":0,"reportType":"none","type":20}