{
  "Survey": "Enquête",
  "Ask a series of questions & get people’s opinion": "Posez une série de questions et sollicitez l’avis des contacts",
  "_Ask a series of questions & get people’s opinion.cooment": "La description de l’application est visible dans l’écran Découvrir",
  "NewSurveyPageTitle": "Nouvelle enquête",
  "IncompleteDetailsAlertTitle": "Ajout de détails manquants",
  "IncompleteDetailsAlertMessage": "Pour continuer, vous devez renseigner les détails de l’enquête et une question",
  "IncompleteQuestionDetailsMessage": "Remplissez tous les champs obligatoires",
  "OK": "OK",
  "SurveyOptionsPageTitle": "Options de l’enquête",
  "Send": "ENVOYER",
  "Next": "SUIVANT",
  "Done": "OK",
  "SurveyAddCoverImage": "Ajouter une image de couverture",
  "SurveyChangeCoverImage": "Modifier l’image de couverture",
  "SurveyDetails": "DÉTAILS DE L’ENQUÊTE",
  "SurveyDetailsPageTitle": "Informations sur l’enquête",
  "SurveyAddQuestion": "Ajouter une question",
  "SurveyOptionsTotalQuestion": "Cette enquête comporte 1 question",
  "SurveyOptionsTotalQuestions": "Cette enquête comporte {0} questions",
  "Settings": "PARAMÈTRES",
  "SurveyExpiryTitle": "Expiration de l’enquête : {0}",
  "SurveyMultipleResponseTitle": "Autoriser plusieurs réponses",
  "SurveyExpirySubTitle": "Définissez la date et l’heure limites pour accepter des réponses",
  "SurveyVisibilityAllTitle": "Résultats visibles par tout le monde",
  "SurveyVisibilitySenderTitle": "Résultats visibles par moi uniquement",
  "SurveyVisibilityAdminTitle": "Résultats visibles uniquement par les administrateurs",
  "SurveyAllowSendReminderAllTitle": "Tout le monde peut envoyer un rappel",
  "SurveyAllowSendReminderSenderTitle": "Seulement moi",
  "SurveyAllowSendReminderAdminTitle": "Les administrateurs et moi-même pouvons envoyer un rappel",
  "SurveyVisibilitySubTitle": "Indiquez les personnes autorisées à voir les résultats de l’enquête.",
  "SurveyAllowSendReminderSubTitle": "Définissez les personnes autorisées à envoyer un rappel.",
  "SurveyMultipleResponseSubTitle": "Autoriser les utilisateurs à répondre plusieurs fois",
  "SurveyVisibilityHeader": "Qui peut voir les résultats de l’enquête ?",
  "SurveyAllowSendReminderHeader": "Qui peut envoyer des rappels ?",
  "SurveyVisibilityEveryOne": "Tout le monde",
  "SurverVisibilityOnlyMe": "Moi uniquement",
  "SurveyVisibilityAdmin": "Seuls les administrateurs",
  "SurveyAllowSendReminderEveryOne": "Tout le monde",
  "SurveyAllowSendReminderOnlyMe": "Moi uniquement",
  "SurveyAllowSendReminderAdmin": "Moi et les administrateurs",
  "SurveyResponseLocationTitle": "Capturer la position avec des réponses",
  "SurveyResponseLocationSubTitle": "Recueillir la position du répondant ainsi que sa réponse à l’enquête",
  "SurveyMandatoryResponseLocationTitle": "Appuyez pour attribuer à la position un caractère obligatoire dans le cadre de la réponse",
  "SurveyDetailsTitleHeader": "Titre de l'enquête",
  "SurveyDetailsTitlePlaceholder": "Par exemple : Étude de marché",
  "SurveyDetailsDescriptionHeader": "Description de l'enquête (facultative)",
  "SurveyDetailsDescriptionPlaceholder": "Quel est l’objet de cette enquête ?",
  "SurveyMultpleOptionPlaceholder": "Option {0}",
  "SurveyQuestionHeader": "Question",
  "SurveyOptionAnswerHeader": "Réponse",
  "SurveyOptionSettingHeader": "Paramètres",
  "SurveyQuestionPlaceHolder": "Appuyez pour entrer",
  "SurveyAllowMultipleAnswerTitle": "Autoriser la sélection de plusieurs réponses",
  "SurveyAddMoreOptionTalkBack": "Nouvelle option ajoutée. Balayez l'écran vers la gauche pour y accéder, ou appuyez deux fois pour ajouter une nouvelle option",
  "SurveyQuestionPageBreakTitle": "Ajouter un saut de page",
  "SurveyImageQuestionOnlyCamera": "Autoriser l’appareil photo uniquement",
  "SurveyImageQuestionSingleImages": "Limiter à une seule image",
  "SurveyImageQuestionSingleImages.comment": "Texte de titre pour autoriser une seule image en pièce jointe",
  "SurveyMultpleOptionAddMoreOption": "+ Ajouter d’autres options",
  "SurveyQuestionPickerHeader": "CHOISISSEZ LE TYPE DE RÉPONSE",
  "SurveyQuestionPickerCloseButtonTitle": "FERMER",
  "SurveyOptionCount": "{0} choix",
  "LinkedQuesInfo": "Lié à la question {0}",
  "Multiple Choice": "Choix multiples",
  "Text Response": "Texte",
  "Numeric Response": "Numérique",
  "Drop Down": "Liste déroulante",
  "Image Upload": "Image",
  "Phone Number": "Numéro de téléphone",
  "Date": "Date",
  "DeleteConfirmationDailogTitle": "Supprimer la question {0} ?",
  "DeleteConfirmationDailogMessage": "If deleted, this question will not appear in the survey.",
  "DependencyQuestionInfoMessage": "La visibilité de cette question dépend de la réponse à la question {0}",
  "DependencyQuestionDeleteConfirmationDailogMessage": "This question has questions linked to it. On deletion, the link will be removed. ",
  "DiscardConfirmationDailogBackButton": "ANNULER",
  "DiscardConfirmationDailogDeleteButton": "SUPPRIMER",
  "SurveyDiscardDailogTitle": "Are you sure you want to leave?",
  "SurveyDiscardConfirmationDailogMessage": "You’ll lose any changes you’ve made",
  "QuestionDiscardConfirmationDailogTitle": "Ignorer la question ?",
  "QuestionDiscardConfirmationDailogMessage": "Toutes vos modifications seront perdues",
  "QuestionDiscardConfirmationDailogBackButton": "ANNULER",
  "QuestionDiscardConfirmationDailogDeleteButton": "ABANDONNER",
  "ContinueButton": "CONTINUER",
  "StayButton": "STAY",
  "LeaveButton": "LEAVE",
  "ConfirmButton": "CONFIRM",
  "title_sent": "À <b>%s</b>",
  "subtitle": "%s à <b>%s</b>",
  "all_filter": "Afficher tout",
  "complete_filter": "Terminés uniquement",
  "grouping_option_string": "Regrouper par contacts",
  "incomplete_filter": "Non terminés uniquement",
  "title_received": "<b>%s</b>",
  "description_string": "%s",
  "_description_string": "Description de l’élément en focus",
  "SurveyResponseTitle": "Réponse à l’enquête",
  "Start": "DÉMARRER",
  "QuestionCountLabel": "{0} question",
  "QuestionsCountLabel": "{0} questions",
  "ChooseYourAnswerLabel": "Choisissez votre réponse",
  "YourResponseLabel": "Votre réponse",
  "Clear": "EFFACER",
  "ProgressTextLabel": "{0} sur {1}",
  "NumericPlaceHolderText": "Entrer ici",
  "TapToAddPhoto": "APPUYEZ POUR AJOUTER UNE PHOTO",
  "AllQuestionRespondedHeader": "Toutes les questions ont une réponse !",
  "PendingQuestionHeader": "{0} question en attente",
  "PendingQuestionsHeader": "{0} questions en attente",
  "YouResponded": "Votre réponse : ",
  "Submit": "ENVOYER",
  "Respond": "Répondre",
  "ResponseSummaryTitle": "Récapitulatif des réponses",
  "ReponseLocationPageHeader": "<b>{0}</b> a demandé votre position avant de continuer.",
  "Refresh": "ACTUALISER",
  "LocationUnavaliable": "Position indisponible",
  "LocationTryAgain": "Appuyez sur Actualiser pour réessayer",
  "ResponseNameTitle": "NOM DE LA RÉPONSE",
  "PageLoadProgressTitle": "Récupération des données...",
  "SummaryNavTitle": "Enquête",
  "ErrorTitle": "Nous avons rencontré un problème",
  "ErrorSubtitle": "Vérifiez votre connexion, puis réessayez",
  "ErrorActionTitle": "RÉESSAYER",
  "SentTo": "Envoyée à",
  "SurveyClosed": "L’enquête est fermée",
  "ViewMoreText": "Afficher plus",
  "ViewLessText": "Afficher moins",
  "MyResonses": "MES RÉPONSES",
  "NotResponded": "Vous n’avez pas encore répondu",
  "Responded": "A répondu",
  "RespondNow": "RÉPONDRE MAINTENANT",
  "MyResponses": "MES RÉPONSES",
  "AddNewResponse": "Ajouter une nouvelle réponse",
  "SurveyQuestions": "QUESTIONS DE L’ENQUÊTE",
  "Insights": "INFORMATIONS",
  "AllResponsesModuleHeader": "TOUTES LES RÉPONSES",
  "CloseSurvey": "Fermer l’enquête",
  "ShareSurveyResults": "Lien vers les résultats de l’enquête",
  "RemindPeopleToRespond": "Envoyer un rappel aux contacts pour les inviter à répondre",
  "DuplicateThisSurvey": "Dupliquer cette enquête",
  "TapToGetLink": "Appuyez pour générer un lien vers les résultats de l’enquête",
  "TapToSendReminder": "Appuyez pour envoyer un rappel",
  "CopyQuestionsAndCreateSurvey": "Créer une nouvelle enquête à l’aide des mêmes questions",
  "GettingLink": "Récupération du lien...",
  "TapToShareLink": "Appuyez pour partager le lien",
  "Responses": "Réponses",
  "Respondents": "Personnes interrogées",
  "AllResponses": "Toutes les réponses",
  "MultipleChoice": "Choix multiples",
  "TextInput": "Entrée de texte",
  "NumberInput": "Entrée numérique",
  "ImageAttachment": "Image en pièce jointe",
  "X_Responses": "{0} réponse(s)",
  "FROM_X_Respondents": "De {0} répondants",
  "SURVEY_CLOSES_ON_X": "L’enquête ferme le {0}",
  "X_Of_Y_People": "{0} contact(s) sur {1}",
  "X_People": "{0} contacts",
  "One_Person": "1 contact",
  "One_Person.comment": "Chaîne statique. Utilisée dans les analyses des réponses.",
  "AggregationNotSupported": "L’agrégation de ce type de question n’est pas prise en charge. Veuillez télécharger les résultats de l’enquête pour consulter les détails",
  "ExpiresIn": "Expire dans {0}",
  "NextButtonTitle": "Suivant",
  "PreviousButtonTitle": "Précédent",
  "SumTitle": "Somme",
  "AverageTitle": "Moyenne",
  "QuestionResponsesNavTitle": "Question {0} sur {1}",
  "QuestionResponsesTitle": "RÉPONSES ({0} AU TOTAL)",
  "CurrentUserResponsesNavTitle": "Vos réponses",
  "UserResponsesNavTitle": "Réponses de {0}",
  "SingleResponseMyResponseTitle": "Vous avez répondu",
  "SingleResponseNavTitle": "Réponse de {0}",
  "CurrentUserSingleResponseNavTitle": "Votre réponse",
  "SubmitResponseTitle": "Envoyer la réponse",
  "SurveyEditPageTitle": "Modification de l’enquête",
  "SummaryEditSurveyTitle": "Modification de l’enquête",
  "EditSurveySubTitle": "Appuyez pour modifier les paramètres et le titre de l’enquête. Les questions de cette dernière ne peuvent pas être modifiées.",
  "SurveyEditPageUpdateButton": "METTRE À JOUR",
  "EditSurveyPageUserMessage": "Seuls les détails sur l’enquête et les paramètres sélectionnés peuvent être modifiés. Pour apporter d’autres modifications, vous devrez peut-être créer une autre enquête",
  "UnsavedChanges": "Voulez-vous ignorer les modifications ?",
  "DiscardConfirmationDailogDiscardButton": "ABANDONNER",
  "EditSurveyDiscardConfirmationDailogMessage": "Toutes vos modifications seront perdues si vous abandonnez",
  "EditSurveyFailureMessage": "Nous ne pouvons pas modifier l’enquête pour l’instant. Veuillez réessayer.",
  "EditSurveyNoUpdates": "Aucune modification n’a été apportée à cette enquête",
  "EditPageUpdatingMsg": "Mise à jour...",
  "Cancel": "ANNULER",
  "DefaultResponseName": "Réponse {0}",
  "LocationDisclaimerText": "Votre position est requise dans le cadre de cette enquête. Kaizala n’accèdera pas à votre position ni ne l’utilisera sans votre consentement.",
  "DiscardSurveyResponseDailogMessage": "Voulez-vous vraiment ignorer votre réponse ?",
  "ResponseSummaryLocationText": "Votre position sera partagée dans le cadre de cette réponse.",
  "FetchingDetailedSummary": "Récupération des détails...",
  "NumericInputErrorLabel": "Seules les entrées numériques sont admises",
  "DeleteCoverImage": "Supprimer l’image de couverture",
  "DeletedCoverImage": "Image de couverture de l’enquête supprimée",
  "CoverImage": "Image de couverture",
  "QuestionHeaderText": "Question {0}, {1}",
  "DeleteQuestion": "Supprimer la question",
  "DeleteOption": "Supprimer l’option",
  "DeletedOptionTalkback": "Option supprimée",
  "OptionDeleteConfirmationDailogTitle": "Supprimer l'option ?",
  "DropDownOptionDeleteConfirmationDailogTitle": "Confirm Changes?",
  "OptionDeleteConfirmationDailogMessage": "Si vous la supprimez, cette option n'apparaîtra pas dans la question",
  "DependencyDropDownOptDeleteConfirmationDialogMessage": "You have deleted or edited an option that has questions linked to it. If you proceed, the link will be removed.",
  "DependencyOptionDeleteConfirmationDailogMessage": "This option has questions linked to it. On deletion, the link will be removed.",
  "Edit": "Modifier",
  "SurveyDropDownAnswersPlaceHolderText": "Ajoutez des options de réponse. Appuyez sur Entrée pour ajouter des options.",
  "SurveyMakeThisQuestionOptionalText": "Faire de cette question une question facultative",
  "TapToSelectOptionText": "Appuyez pour sélectionner une option",
  "AnswerChoicesText": "Choix de réponse",
  "MultipleImageSelectionError": "Vous avez sélectionné plusieurs images. Seule la première image sera envoyée. Appuyez sur Effacer pour utiliser une autre image",
  "TapToOpenCamera": "APPUYEZ POUR OUVRIR L’APPAREIL PHOTO",
  "DateResponseSelectDate": "Sélectionner une date",
  "DateResponseTapToAddDate": "Appuyez pour ajouter une date",
  "PhoneNumberResponseEnterPhoneNumber": "Entrez un numéro de téléphone",
  "QuestionHeader": "QUESTION {0}",
  "NotRespondedTitle": "Sans réponse",
  "SendReminder": "ENVOYER UN RAPPEL",
  "FeatureNotAvailableForForumMsg": "Cette fonctionnalité n’est pas disponible actuellement pour ce groupe",
  "QuestionRangeErrorString": "La réponse doit être comprise entre {0} et {1}",
  "QuestionLengthRangeErrorString": "La longueur de la réponse doit être comprise entre {0} et {1}",
  "QuestionPhoneNumberLengthErrorString": "Le numéro de téléphone doit avoir une longueur de {0}",
  "QuestionRangeOnlyIntegersErrorString": "La réponse doit être un entier compris entre {0} et {1}",
  "QuestionResponseIntegerOnlyError": "La réponse doit être un entier ",
  "QuestionRangeHelpText": "Entrez une réponse comprise entre {0} et {1}",
  "QuestionRangeIntHelpText": "Entrez un entier compris entre {0} et {1}",
  "QuestionLengthHelpText": "Entrez une réponse dont la longueur est comprise entre {0} et {1}",
  "QuestionPhoneNumberLengthHelpText": "Entrez un numéro de téléphone dont la longueur est de {0}",
  "QuestionResponseIntegerOnlyHelpText": "Entrez une valeur entière",
  "Optional": "Facultatif",
  "NumericInputHelpText": "Entrez uniquement des chiffres",
  "NumericInputHelpText.comment": "Texte d’aide pour une entrée numérique incorrecte",
  "Warning": "Avertissement",
  "Survey_Title": "Enquête",
  "Survey_ReminderTitle": "Rappel d’enquête",
  "Survey_Questions": "questions",
  "Survey_Question": "question",
  "Survey_SummaryText_NoResponse_Creator": "En attente de réponses",
  "Survey_SummaryText_NoResponse_Receiver": "Soyez le premier à répondre.",
  "Survey_SummaryText_CompleteResponse": "Tout le monde a répondu à cette enquête",
  "Survey_SummaryText_IncompleteResponse": "{0} contacts sur {1} ont répondu",
  "Survey_SummaryText_IncompleteResponse_Public_Grp": "{0} contacts ont répondu",
  "Survey_SummaryText_OneResponse_Public_Grp": "1 contact a répondu",
  "Survey_RespondButton_Title": "Répondre à l’enquête",
  "Survey_AddNewResponseButton_Title": "Ajouter une autre réponse",
  "Survey_Edited_Text": ". Modifié",
  "SurveySummaryPageTitle": "Résumé de l’enquête",
  "SurveyResponsePageTitle": "Réponse à l’enquête",
  "SurveyCreationPageTitle": "Création de l’enquête",
  "RefreshResponsesButtonTitle": "Actualiser les réponses",
  "AddQuestionHere": "Ajoutez une question ici",
  "ResponderLocation": "Position de la personne interrogée"
}