{"title":"ICT Helpdesk","visibility":"All","allowSendReminder":"Sender","isAnonymous":false,"isResponseAppended":true,"questions":[{"valif":null,"visif":"{}","title":"Client's name","type":"Text","displayType":"None","config":{"addPageBreak":true,"isCameraOnlyImageSource":false,"attachmentListType":0},"isInvisible":false,"options":null,"isExcludedFromReporting":false,"isOptional":false},{"valif":null,"visif":"{}","title":"Select your Company","type":"SingleSelect","displayType":"Dropdown","config":{"addPageBreak":true,"isCameraOnlyImageSource":false,"attachmentListType":0},"isInvisible":false,"options":[{"title":"ASL Chemicals","pictureUrl":null},{"title":"ASL Credit","pictureUrl":null},{"title":"ASL HFD","pictureUrl":null},{"title":"ASL Packaging","pictureUrl":null},{"title":"ASL Trading","pictureUrl":null},{"title":"ASl Wires & Cables","pictureUrl":null},{"title":"Astral Plastics","pictureUrl":null},{"title":"BroeKhof","pictureUrl":null},{"title":"Carton","pictureUrl":null},{"title":"Creative Edge","pictureUrl":null},{"title":"Crown Classics","pictureUrl":null},{"title":"Ecopallets","pictureUrl":null},{"title":"Eyeris Optometrists","pictureUrl":null},{"title":"Flexoworld Limited","pictureUrl":null},{"title":"ICT Africa Consulting Services","pictureUrl":null},{"title":"Juma Hardware","pictureUrl":null},{"title":"Jyoti Hardware Limited","pictureUrl":null},{"title":"Kentainers","pictureUrl":null},{"title":"Kenya National Spelling Bee","pictureUrl":null},{"title":"Lino Stationers (Africa) Ltd","pictureUrl":null},{"title":"Market Power International","pictureUrl":null},{"title":"Multivista Kenya Limited","pictureUrl":null},{"title":"Nairobi South School","pictureUrl":null},{"title":"Office Technologies Ltd","pictureUrl":null},{"title":"OfficeMart","pictureUrl":null},{"title":"Ovidian","pictureUrl":null},{"title":"Panthera Publishers","pictureUrl":null},{"title":"Platinum Packaging Limited","pictureUrl":null},{"title":"Polythene Industries","pictureUrl":null},{"title":"PressaMaster Africa","pictureUrl":null},{"title":"PrintStore","pictureUrl":null},{"title":"Proserve","pictureUrl":null},{"title":"Qube","pictureUrl":null},{"title":"Ramco Audit","pictureUrl":null},{"title":"Ramco Chemicals","pictureUrl":null},{"title":"Ramco Group Limited","pictureUrl":null},{"title":"Ramco Hardware","pictureUrl":null},{"title":"Ramco Plexus","pictureUrl":null},{"title":"Ramco Printing Unit 1","pictureUrl":null},{"title":"Ramco Printing Unit 2","pictureUrl":null},{"title":"Ramco Properties","pictureUrl":null},{"title":"Rosewood Furnitures","pictureUrl":null},{"title":"Safarilink Aviation","pictureUrl":null},{"title":"SAI Office Ltd","pictureUrl":null},{"title":"SAI Office Supplies (TZ) Ltd","pictureUrl":null},{"title":"Seal Honey Ltd","pictureUrl":null},{"title":"Serenity Interiors","pictureUrl":null},{"title":"TravelShoppe","pictureUrl":null},{"title":"Tuffsteel Limited","pictureUrl":null},{"title":"WildElegance","pictureUrl":null}],"isExcludedFromReporting":false,"isOptional":false},{"valif":null,"visif":"{}","title":"Service Issue","type":"SingleSelect","displayType":"Dropdown","config":{"addPageBreak":true,"isCameraOnlyImageSource":false,"attachmentListType":0},"isInvisible":false,"options":[{"title":"Adobe software products","pictureUrl":null},{"title":"Antivirus and security","pictureUrl":null},{"title":"Apple products","pictureUrl":null},{"title":"Aruba network solutions(Wi-Fi)","pictureUrl":null},{"title":"Biometricts","pictureUrl":null},{"title":"CCTV systems","pictureUrl":null},{"title":"Data and File management","pictureUrl":null},{"title":"ERP & Enterprise Softwares","pictureUrl":null},{"title":"Firewall","pictureUrl":null},{"title":"General Enquiry","pictureUrl":null},{"title":"Google apps Email&Collaborations","pictureUrl":null},{"title":"Kaizala","pictureUrl":null},{"title":"Microsoft products","pictureUrl":null},{"title":"Mobile devices(phones/Tabs)","pictureUrl":null},{"title":"Network services (LAN)","pictureUrl":null},{"title":"Network services (WAN)","pictureUrl":null},{"title":"Office365 Email& Collaboration","pictureUrl":null},{"title":"Pc hardware setup/Breakfix repair/Upgrade services","pictureUrl":null},{"title":"Print and Imaging product service","pictureUrl":null},{"title":"Prophix","pictureUrl":null},{"title":"SalesForce","pictureUrl":null},{"title":"SAN infrastructure Admin","pictureUrl":null},{"title":"Scheduled preventive maintenance","pictureUrl":null},{"title":"Server hardware setup/Breakfix repair/upgrade","pictureUrl":null},{"title":"Server software/application support","pictureUrl":null},{"title":"UPS/Inverters and power supply systems","pictureUrl":null},{"title":"User change management","pictureUrl":null},{"title":"UTM(Fortigate)","pictureUrl":null},{"title":"VMWare Infrastructure Admin","pictureUrl":null},{"title":"VoIP system services","pictureUrl":null},{"title":"zRetired services","pictureUrl":null}],"isExcludedFromReporting":false,"isOptional":false},{"valif":null,"visif":"{}","title":"Priority","type":"SingleSelect","displayType":"Dropdown","config":{"addPageBreak":true,"isCameraOnlyImageSource":false,"attachmentListType":0},"isInvisible":false,"options":[{"title":"Custom","pictureUrl":null},{"title":"High","pictureUrl":null},{"title":"Low","pictureUrl":null},{"title":"Normal","pictureUrl":null}],"isExcludedFromReporting":false,"isOptional":false},{"valif":null,"visif":"{}","title":"Issue subject","type":"Text","displayType":"None","config":{"addPageBreak":false,"isCameraOnlyImageSource":false,"attachmentListType":0},"isInvisible":false,"options":null,"isExcludedFromReporting":false,"isOptional":false},{"valif":null,"visif":"{}","title":"Issue description","type":"Text","displayType":"None","config":{"addPageBreak":true,"isCameraOnlyImageSource":false,"attachmentListType":0},"isInvisible":false,"options":null,"isExcludedFromReporting":false,"isOptional":false}],"properties":null,"expiry":0,"reportType":"none","type":20}