{
    "schemaVersion": 1,
    "schema": {
        "type": "container",
        "initialHeight": 300,
        "layout": "vertical",
        "children": [{
                "type": "text",
                "paddingLeft": 10,
                "paddingRight": 10,
                "fontSize": 14,
                "string": "CLIENT: ${MyLatestResponse.questionToAnswerMap[0]}",
                "fontStyle": "bold",
                "textColor": "#CE222E",
                "textAlignment": "left",
                "maxNumberOfLines": 2,
                "marginBottom": 10
            },
            {
                "type": "text",
                "paddingLeft": 10,
                "paddingRight": 10,
                "fontSize": 18,
                "string": "COMPANY: ${MyLatestResponse.questionToAnswerMap[1]}",
                "fontStyle": "bold",
                "textColor": "#32495f",
                "textAlignment": "left",
                "maxNumberOfLines": 4,
                "marginBottom": 0
            },
            {
                "type": "text",
                "paddingLeft": 10,
                "paddingRight": 10,
                "fontSize": 14,
                "fontStyle": "bold",
                "string": "SERVICE ISSUE: ${MyLatestResponse.questionToAnswerMap[2]}",
                "textColor": "#32495f",
                "textAlignment": "left",
                "maxNumberOfLines": 4,
                "marginBottom": 0
            }
        ]
    }
}