{
  "Survey": "Survey",
  "Ask a series of questions & get people’s opinion": "Magtanong ng isang serye ng mga tanong at kunin ang opinyon ng mga tao",
  "_Ask a series of questions & get people’s opinion.cooment": "Nakikita ang Paglalarawan ng App sa screen na Tumuklas",
  "NewSurveyPageTitle": "Bagong Survey",
  "IncompleteDetailsAlertTitle": "Idagdag ang Mga Kulang na Detalye",
  "IncompleteDetailsAlertMessage": "Kailangan ang mga detalye at tanong ng survey bago ka makapagpatuloy",
  "IncompleteQuestionDetailsMessage": "Pakipunan ang lahat ng kinakailangang field",
  "OK": "OK",
  "SurveyOptionsPageTitle": "Mga Opsyon sa Survey",
  "Send": "IPADALA",
  "Next": "SUSUNOD",
  "Done": "TAPOS NA",
  "SurveyAddCoverImage": "Magdagdag ng cover na Imahe",
  "SurveyChangeCoverImage": "Palitan ang Imahe sa cover",
  "SurveyDetails": "MGA DETALYE NG SURVEY",
  "SurveyDetailsPageTitle": "Mga Detalye ng Survey",
  "SurveyAddQuestion": "Magdagdag ng tanong",
  "SurveyOptionsTotalQuestion": "Ang survey na ito ay may 1 Tanong",
  "SurveyOptionsTotalQuestions": "Ang survey na ito ay may {0} (na) Tanong",
  "Settings": "MGA SETTING",
  "SurveyExpiryTitle": "Expiration ng Survey: {0}",
  "SurveyMultipleResponseTitle": "Payagan ang Maraming Sagot",
  "SurveyExpirySubTitle": "Itakda ang huling petsa at oras para tumanggap ng mga tugon",
  "SurveyVisibilityAllTitle": "Makikita ng lahat ang mga resulta",
  "SurveyVisibilitySenderTitle": "Ako lang ang makakakita sa mga resulta",
  "SurveyVisibilityAdminTitle": "Mga Admin lang ang makakakita ng mga resulta",
  "SurveyAllowSendReminderAllTitle": "Maaaring magpadala ng paalala nag kahit sino",
  "SurveyAllowSendReminderSenderTitle": "Ako lang ang makakapagpadala ng paalala",
  "SurveyAllowSendReminderAdminTitle": "Maaaring magpadala ng paalala ang mga admin at ako",
  "SurveyVisibilitySubTitle": "Itakda kung sino ang makakakita sa mga resulta ng survey.",
  "SurveyAllowSendReminderSubTitle": "Itakda kung sino ang makakapagpadala ng paalala.",
  "SurveyMultipleResponseSubTitle": "Hayaan ang mga gumagamit na tumugon nang maraming beses",
  "SurveyVisibilityHeader": "Sino ang makakakita sa mga resulta ng Survey",
  "SurveyAllowSendReminderHeader": "Sino ang makakapagpadala ng mga paalala",
  "SurveyVisibilityEveryOne": "Lahat",
  "SurverVisibilityOnlyMe": "Ako lang",
  "SurveyVisibilityAdmin": "Mga Admin Lang",
  "SurveyAllowSendReminderEveryOne": "Sinuman",
  "SurveyAllowSendReminderOnlyMe": "Ako lang",
  "SurveyAllowSendReminderAdmin": "Ako at mga admin",
  "SurveyResponseLocationTitle": "I-capture ang lokasyon kasama ang mga tugon",
  "SurveyResponseLocationSubTitle": "Kunin ang lokasyon ng responder kasama ng kanilang tugon sa survey",
  "SurveyMandatoryResponseLocationTitle": "I-tap para gawing mandatoryong bahagi ng sagot ang lokasyon",
  "SurveyDetailsTitleHeader": "Pamagat ng Survey",
  "SurveyDetailsTitlePlaceholder": "Hal: Market Research",
  "SurveyDetailsDescriptionHeader": "Paglalarawan sa Survey (Opsiyonal)",
  "SurveyDetailsDescriptionPlaceholder": "Tungkol saan ang Survey na ito?",
  "SurveyMultpleOptionPlaceholder": "Opsyon {0}",
  "SurveyQuestionHeader": "Tanong",
  "SurveyOptionAnswerHeader": "Sagot",
  "SurveyOptionSettingHeader": "Mga Setting",
  "SurveyQuestionPlaceHolder": "I-tap para ipasok",
  "SurveyAllowMultipleAnswerTitle": "Payagang mapili ang higit sa isang sagot",
  "SurveyAddMoreOptionTalkBack": "Nagdagdag ng bagong opsyon. Mag-swipe pakaliwa para i-access ang opsyon. O kaya, i-double tap para magdagdag ng bagong opsyon",
  "SurveyQuestionPageBreakTitle": "Magdagdag ng putol ng pahina",
  "SurveyImageQuestionOnlyCamera": "Camera lang ang payagan",
  "SurveyImageQuestionSingleImages": "Isang imahe lang",
  "SurveyImageQuestionSingleImages.comment": "Teksto ng pamagat para payagan ang isang attachment na imahe lang",
  "SurveyMultpleOptionAddMoreOption": "+ Magdagdag pa ng mga opsyon",
  "SurveyQuestionPickerHeader": "PUMILI NG URI NG TUGON",
  "SurveyQuestionPickerCloseButtonTitle": "ISARA",
  "SurveyOptionCount": "{0} (na) Pagpipilian",
  "LinkedQuesInfo": "Naka-link sa tanong {0}",
  "Multiple Choice": "Maraming Pagpipilian",
  "Text Response": "Teksto",
  "Numeric Response": "Numeriko",
  "Drop Down": "Drop Down",
  "Image Upload": "Imahe",
  "Phone Number": "Numero ng Telepono",
  "Date": "Petsa",
  "DeleteConfirmationDailogTitle": "Tanggalin ang Tanong na {0}?",
  "DeleteConfirmationDailogMessage": "Kung tatanggalin, hindi lalabas ang tanong na ito sa survey.",
  "DependencyQuestionInfoMessage": "Ang pagkanakikita ng tanong na ito ay umaasa sa tugon ng tanong {0}",
  "DependencyQuestionDeleteConfirmationDailogMessage": "May mga tanong na naka-link sa tanong na ito. Kapag tinanggal, maaalis ang link. ",
  "DiscardConfirmationDailogBackButton": "KANSELAHIN",
  "DiscardConfirmationDailogDeleteButton": "TANGGALIN",
  "SurveyDiscardDailogTitle": "Sigurado ka gusto mong umalis?",
  "SurveyDiscardConfirmationDailogMessage": "Mawawala ang anumang mga pagbabagong ginawa mo",
  "QuestionDiscardConfirmationDailogTitle": "Alisin ang Tanong?",
  "QuestionDiscardConfirmationDailogMessage": "Mawawala ang lahat ng binago mo",
  "QuestionDiscardConfirmationDailogBackButton": "KANSELAHIN",
  "QuestionDiscardConfirmationDailogDeleteButton": "ALISIN",
  "ContinueButton": "MAGPATULOY",
  "StayButton": "MANATILI",
  "LeaveButton": "UMALIS",
  "ConfirmButton": "KUMPIRMAHIN",
  "title_sent": "Para kay <b>%s</b>",
  "subtitle": "%s para kay <b>%s</b>",
  "all_filter": "Ipakita lahat",
  "complete_filter": "Kumpleto lang",
  "grouping_option_string": "Igrupo ayon sa mga tao",
  "incomplete_filter": "Hindi kumpleto lang",
  "title_received": "<b>%s</b>",
  "description_string": "%s",
  "_description_string": "Paglalarawan ng Focus Item",
  "SurveyResponseTitle": "Tugon sa Survey",
  "Start": "SIMULAN",
  "QuestionCountLabel": "{0} Tanong",
  "QuestionsCountLabel": "{0} (na) Tanong",
  "ChooseYourAnswerLabel": "Piliin ang Iyong Sagot",
  "YourResponseLabel": "Iyong Tugon",
  "Clear": "I-CLEAR",
  "ProgressTextLabel": "{0} sa {1}",
  "NumericPlaceHolderText": "Ilagay Dito",
  "TapToAddPhoto": "I-TAP PARA MAGDAGDAG NG LARAWAN",
  "AllQuestionRespondedHeader": "Nasagot na ang lahat ng tanong!",
  "PendingQuestionHeader": "{0} tanong ang nakabinbin",
  "PendingQuestionsHeader": "{0} (na) tanong ang nakabinbin",
  "YouResponded": "Iyong Tugon: ",
  "Submit": "ISUMITE",
  "Respond": "Tumugon",
  "ResponseSummaryTitle": "Buod ng Tugon",
  "ReponseLocationPageHeader": "Hiniling ng <b>{0}</b> ang iyong lokasyon bago ka makapagpatuloy.",
  "Refresh": "I-REFRESH",
  "LocationUnavaliable": "Hindi available ang lokasyon",
  "LocationTryAgain": "Mag-tap sa i-refresh para subukang muli",
  "ResponseNameTitle": "PANGALAN NG TUGON",
  "PageLoadProgressTitle": "Kinukuha ang data...",
  "SummaryNavTitle": "Survey",
  "ErrorTitle": "May nangyaring mali",
  "ErrorSubtitle": "Suriin ang iyong koneksyon at subukang muli",
  "ErrorActionTitle": "SUBUKANG MULI",
  "SentTo": "Ipinadala kay",
  "SurveyClosed": "Sarado na ang Survey",
  "ViewMoreText": "Tumingin ng higit pa",
  "ViewLessText": "Tumingin nang mas kaunti",
  "MyResonses": "AKING MGA TUGON",
  "NotResponded": "Hindi ka pa tumutugon",
  "Responded": "Tumugon",
  "RespondNow": "TUMUGON NGAYON",
  "MyResponses": "AKING MGA TUGON",
  "AddNewResponse": "Magdagdag ng bagong tugon",
  "SurveyQuestions": "MGA TANONG SA SURVEY",
  "Insights": "MGA INSIGHT",
  "AllResponsesModuleHeader": "LAHAT NG TUGON",
  "CloseSurvey": "Isara ang Survey",
  "ShareSurveyResults": "Link para sa Mga Resulta ng Survey",
  "RemindPeopleToRespond": "Paalalahanan ang mga tao na tumugon",
  "DuplicateThisSurvey": "I-duplicate ang Survey na ito",
  "TapToGetLink": "I-tap para gumawa ng link para sa mga resulta ng survey",
  "TapToSendReminder": "I-tap para magpadala ng paalala",
  "CopyQuestionsAndCreateSurvey": "Gumawa ng bagong Survey gamit ang parehong mga tanong",
  "GettingLink": "Kinukuha ang link...",
  "TapToShareLink": "I-tap para ibahagi ang link",
  "Responses": "Mga Tugon",
  "Respondents": "Mga Tutugon",
  "AllResponses": "Lahat ng tugon",
  "MultipleChoice": "Maramihang pagpipilian",
  "TextInput": "Input na teksto",
  "NumberInput": "Input na numero",
  "ImageAttachment": "Attachment na imahe",
  "X_Responses": "{0} (na) tugon",
  "FROM_X_Respondents": "Mula sa {0} (na) tutugon",
  "SURVEY_CLOSES_ON_X": "Magsasara ang Survey sa {0}",
  "X_Of_Y_People": "{0} sa {1} (na) tao",
  "X_People": "{0} tao",
  "One_Person": "1 tao",
  "One_Person.comment": "Static na string. Ginamit sa pagtugon sa mga insight.",
  "AggregationNotSupported": "Hindi sinusuportahan ang pagsasama-sama para sa uri ng tanong na ito. Paki-download ang mga resulta ng survey para sa mga detalye",
  "ExpiresIn": "Mag-e-expire sa {0}",
  "NextButtonTitle": "Susunod",
  "PreviousButtonTitle": "Nakaraan",
  "SumTitle": "Kabuuan",
  "AverageTitle": "Average",
  "QuestionResponsesNavTitle": "Tanong {0} sa {1}",
  "QuestionResponsesTitle": "MGA TUGON ({0} SA KABUUAN)",
  "CurrentUserResponsesNavTitle": "Iyong mga tugon",
  "UserResponsesNavTitle": "Mga tugon ni {0}",
  "SingleResponseMyResponseTitle": "Tumugon ka na",
  "SingleResponseNavTitle": "Tugon ni {0}",
  "CurrentUserSingleResponseNavTitle": "Iyong tugon",
  "SubmitResponseTitle": "Isumite Ang Iyong Tugon",
  "SurveyEditPageTitle": "I-edit ang Survey",
  "SummaryEditSurveyTitle": "I-edit ang Survey",
  "EditSurveySubTitle": "I-tap para i-edit ang pamagat at mga setting ng Survey. Hindi maaaring i-edit ang mga tanong sa Survey.",
  "SurveyEditPageUpdateButton": "I-UPDATE",
  "EditSurveyPageUserMessage": "Mga detalye ng survey at mga napiling setting lang ang mae-edit. Para sa higit pang mga pagbabago, maaari gusto mong gumawa ng bagong survey",
  "UnsavedChanges": "Alisin Ang Mga Pagbabago?",
  "DiscardConfirmationDailogDiscardButton": "ALISIN",
  "EditSurveyDiscardConfirmationDailogMessage": "Mawawala ang lahat ng iyong pagbabago kung aalisin mo",
  "EditSurveyFailureMessage": "Hindi ma-edit ang survey sa ngayon. Pakisubukang muli.",
  "EditSurveyNoUpdates": "Walang mga pagbabagong ginawa sa Survey na ito",
  "EditPageUpdatingMsg": "Nag-a-update...",
  "Cancel": "KANSELAHIN",
  "DefaultResponseName": "Tugon {0}",
  "LocationDisclaimerText": "Kakailanganin ang iyong lokasyon bilang bahagi ng survey na ito. Hindi i-a-access o gagamitin ng Kaizala ang iyong lokasyon nang wala ang iyong pahintulot.",
  "DiscardSurveyResponseDailogMessage": "Sigurado ka bang gusto mong alisin ang iyong tugon?",
  "ResponseSummaryLocationText": "Ibabahagi ang iyong lokasyon bilang bahagi ng tugon na ito.",
  "FetchingDetailedSummary": "Kinukuha ang mga detalye...",
  "NumericInputErrorLabel": "Input na Numero lang ang tinatanggap",
  "DeleteCoverImage": "Tanggalin ang Cover na Imahe",
  "DeletedCoverImage": "Tinanggal ang imahe ng cover ng survey",
  "CoverImage": "Cover na Imahe",
  "QuestionHeaderText": "Tanong {0}, {1}",
  "DeleteQuestion": "Tanggalin ang Tanong",
  "DeleteOption": "Tanggalin ang Opsyon",
  "DeletedOptionTalkback": "Tinanggal ang opsyon",
  "OptionDeleteConfirmationDailogTitle": "Tanggalin ang Opsiyon?",
  "DropDownOptionDeleteConfirmationDailogTitle": "Kumpirmahin ang Mga Pagbabago?",
  "OptionDeleteConfirmationDailogMessage": "Kung tatanggalin, hindi lilitaw ang opsiyon na ito sa tanong",
  "DependencyDropDownOptDeleteConfirmationDialogMessage": "Nagtanggal o nag-edit ka ng opsyon na may naka-link na mga tanong. Kung magpapatuloy ka, maaalis ang link.",
  "DependencyOptionDeleteConfirmationDailogMessage": "May mga tanong na naka-link sa opsyong ito. Kapag tinanggal, maaalis ang link.",
  "Edit": "I-edit",
  "SurveyDropDownAnswersPlaceHolderText": "Magdagdag ng mga opsyong sagot. Gamitin ang Enter key para magdagdag ng mga opsyon.",
  "SurveyMakeThisQuestionOptionalText": "Gawing opsyonal ang tanong na ito",
  "TapToSelectOptionText": "I-tap para pumili ng opsyon",
  "AnswerChoicesText": "Mga Pagpipiliang Sagot",
  "MultipleImageSelectionError": "Pumili ka ng maraming Imahe. Ipapadala lang ang unang Imahe. Mag-tap sa i-clear para gumamit ng ibang Larawan",
  "TapToOpenCamera": "I-TAP PARA BUKSAN ANG CAMERA",
  "DateResponseSelectDate": "Pumili ng petsa",
  "DateResponseTapToAddDate": "I-tap para magdagdag ng petsa",
  "PhoneNumberResponseEnterPhoneNumber": "Magpasok ng Numero ng Telepono",
  "QuestionHeader": "TANONG {0}",
  "NotRespondedTitle": "Hindi Tumugon",
  "SendReminder": "MAGPADALA NG PAALALA",
  "FeatureNotAvailableForForumMsg": "Ang tampok na ito ay kasalukuyang hindi available para sa grupong ito",
  "QuestionRangeErrorString": "Dapat ay nasa pagitan ng {0} hanggang {1} ang sagot",
  "QuestionLengthRangeErrorString": "Dapat ay nasa pagitan ng {0} at {1} ang haba ng sagot",
  "QuestionPhoneNumberLengthErrorString": "Dapat ay {0} ang haba ng Numero ng Telepono",
  "QuestionRangeOnlyIntegersErrorString": "Dapat ay isang integer at nasa pagitan ng {0} at {1} ang sagot",
  "QuestionResponseIntegerOnlyError": "Dapat ay isang integer ang sagot ",
  "QuestionRangeHelpText": "Mag-type ng sagot na nasa pagitan ng {0} at {1}",
  "QuestionRangeIntHelpText": "Mag-type ng Integer na nasa pagitan ng {0} at {1}",
  "QuestionLengthHelpText": "Mag-type ng sagot na may haba sa pagitan ng {0} at {1}",
  "QuestionPhoneNumberLengthHelpText": "Mag-type ng Numero ng telepono na may habang {0}",
  "QuestionResponseIntegerOnlyHelpText": "Mag-type ng Integer value",
  "Optional": "Opsiyonal",
  "NumericInputHelpText": "Mga numero lang ang i-type",
  "NumericInputHelpText.comment": "Pantulong na teksto para sa maling input ng numero",
  "Warning": "Babala!!!",
  "Survey_Title": "Survey",
  "Survey_ReminderTitle": "Paalala sa Survey",
  "Survey_Questions": "mga tanong",
  "Survey_Question": "tanong",
  "Survey_SummaryText_NoResponse_Creator": "Naghihintay ng mga tugon",
  "Survey_SummaryText_NoResponse_Receiver": "Maunang tumugon!",
  "Survey_SummaryText_CompleteResponse": "Nakatugon na ang lahat sa survery na ito",
  "Survey_SummaryText_IncompleteResponse": "{0} sa {1} (na) tao ang tumugon",
  "Survey_SummaryText_IncompleteResponse_Public_Grp": "{0} (na) tao ang tumugon",
  "Survey_SummaryText_OneResponse_Public_Grp": "1 tao ang tumugon",
  "Survey_RespondButton_Title": "Sagutan ang Survey",
  "Survey_AddNewResponseButton_Title": "Magdagdag ng isa pang tugon",
  "Survey_Edited_Text": ". Na-edit",
  "SurveySummaryPageTitle": "Buod ng Survey",
  "SurveyResponsePageTitle": "Tugon sa Survey",
  "SurveyCreationPageTitle": "Paggawa ng Survey",
  "RefreshResponsesButtonTitle": "I-refresh ang mga tugon",
  "AddQuestionHere": "Magdagdag ng tanong dito",
  "ResponderLocation": "Lokasyon ng Tumugon"
}