{
  "Survey": "Araştırma",
  "Ask a series of questions & get people’s opinion": "Bir dizi soru sorun ve başkalarının fikirlerini öğrenin",
  "_Ask a series of questions & get people’s opinion.cooment": "Keşif ekranında görünen Uygulama Açıklaması",
  "NewSurveyPageTitle": "Yeni Araştırma",
  "IncompleteDetailsAlertTitle": "Eksik Ayrıntıları Ekleme",
  "IncompleteDetailsAlertMessage": "Devam etmek için anket ayrıntıları ve soru gereklidir",
  "IncompleteQuestionDetailsMessage": "Lütfen tüm gerekli alanları doldurun",
  "OK": "Tamam",
  "SurveyOptionsPageTitle": "Araştırma Seçenekleri",
  "Send": "GÖNDER",
  "Next": "İLERİ",
  "Done": "BİTTİ",
  "SurveyAddCoverImage": "Kapak resmi ekle",
  "SurveyChangeCoverImage": "Kapak resmini değiştir",
  "SurveyDetails": "ARAŞTIRMA AYRINTILARI",
  "SurveyDetailsPageTitle": "Araştırma Ayrıntıları",
  "SurveyAddQuestion": "Soru ekle",
  "SurveyOptionsTotalQuestion": "Bu ankette 1 soru var",
  "SurveyOptionsTotalQuestions": "Bu ankette {0} soru var",
  "Settings": "AYARLAR",
  "SurveyExpiryTitle": "Araştırma Son Tarih ve Saati: {0}",
  "SurveyMultipleResponseTitle": "Birden Çok Yanıta İzin Ver",
  "SurveyExpirySubTitle": "Yanıtların kabul edileceği son tarih ve saati ayarlayın",
  "SurveyVisibilityAllTitle": "Sonuçlar herkese görünür",
  "SurveyVisibilitySenderTitle": "Sonuçlar yalnızca bana görünür",
  "SurveyVisibilityAdminTitle": "Sonuçlar yalnızca Yöneticilere görünür",
  "SurveyAllowSendReminderAllTitle": "Herkes anımsatıcı gönderebilir",
  "SurveyAllowSendReminderSenderTitle": "Yalnızca ben anımsatıcı gönderebilirim",
  "SurveyAllowSendReminderAdminTitle": "Ben ve yöneticiler anımsatıcı gönderebiliriz",
  "SurveyVisibilitySubTitle": "Araştırma sonuçlarını görebilecek kişileri ayarlayın.",
  "SurveyAllowSendReminderSubTitle": "Anımsatıcı gönderebilecek kişileri ayarlayın.",
  "SurveyMultipleResponseSubTitle": "Kullanıcılar birden çok kez yanıtlayabilsin",
  "SurveyVisibilityHeader": "Araştırma sonuçlarını görebilenler",
  "SurveyAllowSendReminderHeader": "Anımsatıcı gönderebilenler",
  "SurveyVisibilityEveryOne": "Herkes",
  "SurverVisibilityOnlyMe": "Yalnızca ben",
  "SurveyVisibilityAdmin": "Yalnızca Yöneticiler",
  "SurveyAllowSendReminderEveryOne": "Herkes",
  "SurveyAllowSendReminderOnlyMe": "Yalnızca ben",
  "SurveyAllowSendReminderAdmin": "Ben ve yöneticiler",
  "SurveyResponseLocationTitle": "Yanıtlarla konumu yakala",
  "SurveyResponseLocationSubTitle": "Araştırma yanıtı ile birlikte yanıtlayanın konumunu al",
  "SurveyMandatoryResponseLocationTitle": "Konumu yanıtın zorunlu bir parçası yapmak için dokunun",
  "SurveyDetailsTitleHeader": "Araştırma Başlığı",
  "SurveyDetailsTitlePlaceholder": "Ör. Pazar Araştırması",
  "SurveyDetailsDescriptionHeader": "Araştırma Açıklaması (İsteğe Bağlı)",
  "SurveyDetailsDescriptionPlaceholder": "Bu Araştırma ne hakkında?",
  "SurveyMultpleOptionPlaceholder": "Seçenek {0}",
  "SurveyQuestionHeader": "Soru",
  "SurveyOptionAnswerHeader": "Yanıt",
  "SurveyOptionSettingHeader": "Ayarlar",
  "SurveyQuestionPlaceHolder": "Girmek için dokunun",
  "SurveyAllowMultipleAnswerTitle": "Birden fazla yanıt seçilmesine izin ver",
  "SurveyAddMoreOptionTalkBack": "Yeni bir seçenek eklendi. Seçeneğe erişmek için sola doğru çekin veya yeni bir seçenek eklemek için iki kez dokunun",
  "SurveyQuestionPageBreakTitle": "Sayfa sonu ekleme",
  "SurveyImageQuestionOnlyCamera": "Yalnızca kameraya izin ver",
  "SurveyImageQuestionSingleImages": "Tek resimle kısıtla",
  "SurveyImageQuestionSingleImages.comment": "Yalnızca tek görüntü ekine izin vermek için başlık metni",
  "SurveyMultpleOptionAddMoreOption": "+ Daha fazla seçenek ekle",
  "SurveyQuestionPickerHeader": "YANIT TÜRÜ SEÇİN",
  "SurveyQuestionPickerCloseButtonTitle": "KAPAT",
  "SurveyOptionCount": "{0} Seçim",
  "LinkedQuesInfo": "{0} sorusuyla bağlantılı",
  "Multiple Choice": "Çoktan Seçmeli",
  "Text Response": "Metin",
  "Numeric Response": "Sayısal",
  "Drop Down": "Açılan Menü",
  "Image Upload": "Resim",
  "Phone Number": "Telefon Numarası",
  "Date": "Tarih",
  "DeleteConfirmationDailogTitle": "{0}. Soru Silinsin mi?",
  "DeleteConfirmationDailogMessage": "Bu soru silindiyse araştırmada görünmez.",
  "DependencyQuestionInfoMessage": "Bu sorunun görünürlüğü {0} sorusunun yanıtına bağlıdır",
  "DependencyQuestionDeleteConfirmationDailogMessage": "Bu soruya bağlı bazı sorular var. Bağlantı, silme işleminden sonra kaybolacaktır. ",
  "DiscardConfirmationDailogBackButton": "İPTAL",
  "DiscardConfirmationDailogDeleteButton": "SİL",
  "SurveyDiscardDailogTitle": "Ayrılmak istediğinizden emin misiniz?",
  "SurveyDiscardConfirmationDailogMessage": "Yaptığınız tüm değişiklikleri kaybedeceksiniz",
  "QuestionDiscardConfirmationDailogTitle": "Soru silinsin mi?",
  "QuestionDiscardConfirmationDailogMessage": "Tüm değişiklikleriniz kaybolacaktır",
  "QuestionDiscardConfirmationDailogBackButton": "İPTAL",
  "QuestionDiscardConfirmationDailogDeleteButton": "SİL",
  "ContinueButton": "DEVAM",
  "StayButton": "KAL",
  "LeaveButton": "AYRIL",
  "ConfirmButton": "ONAYLA",
  "title_sent": "<b>%s</b>",
  "subtitle": "%s / <b>%s</b>",
  "all_filter": "Tümünü göster",
  "complete_filter": "Yalnızca tamamlananlar",
  "grouping_option_string": "Kişilere göre gruplandır",
  "incomplete_filter": "Yalnızca tamamlanmayanlar",
  "title_received": "<b>%s</b>",
  "description_string": "%s",
  "_description_string": "Odak Öğesi açıklaması",
  "SurveyResponseTitle": "Araştırma Yanıtı",
  "Start": "BAŞLAT",
  "QuestionCountLabel": "{0} Soru",
  "QuestionsCountLabel": "{0} Soru",
  "ChooseYourAnswerLabel": "Yanıtınızı Seçin",
  "YourResponseLabel": "Yanıtınız",
  "Clear": "TEMİZLE",
  "ProgressTextLabel": "{0} / {1}",
  "NumericPlaceHolderText": "Buraya Girin",
  "TapToAddPhoto": "FOTOĞRAF EKLEMEK İÇİN DOKUNUN",
  "AllQuestionRespondedHeader": "Tüm sorular yanıtlandı!",
  "PendingQuestionHeader": "{0} soru bekleniyor",
  "PendingQuestionsHeader": "{0} sorunun yanıtı bekleniyor",
  "YouResponded": "Yanıtınız: ",
  "Submit": "GÖNDER",
  "Respond": "Yanıtla",
  "ResponseSummaryTitle": "Yanıt Özeti",
  "ReponseLocationPageHeader": "<b>{0}</b>, devam etmek için konumunuzu istedi.",
  "Refresh": "YENİLE",
  "LocationUnavaliable": "Konum kullanılamıyor",
  "LocationTryAgain": "Yeniden denemek için Yenile'ye dokunun",
  "ResponseNameTitle": "YANIT ADI",
  "PageLoadProgressTitle": "Veriler alınıyor...",
  "SummaryNavTitle": "Araştırma",
  "ErrorTitle": "Bir sorun oluştu",
  "ErrorSubtitle": "Bağlantınızı denetleyip yeniden deneyin",
  "ErrorActionTitle": "YENİDEN DENE",
  "SentTo": "Gönderilen",
  "SurveyClosed": "Araştırma kapandı",
  "ViewMoreText": "Daha fazla görüntüle",
  "ViewLessText": "Daha az görüntüle",
  "MyResonses": "YANITLARIM",
  "NotResponded": "Henüz yanıtlamadınız",
  "Responded": "Yanıtladı",
  "RespondNow": "ŞİMDİ YANITLA",
  "MyResponses": "YANITLARIM",
  "AddNewResponse": "Yeni bir yanıt ekle",
  "SurveyQuestions": "ARAŞTIRMA SORULARI",
  "Insights": "İÇGÖRÜLER",
  "AllResponsesModuleHeader": "TÜM YANITLAR",
  "CloseSurvey": "Araştırmayı Kapat",
  "ShareSurveyResults": "Anket Sonuçları için bağlantı",
  "RemindPeopleToRespond": "Kişilere yanıt vermelerini anımsatın",
  "DuplicateThisSurvey": "Bu Araştırmayı Çoğalt",
  "TapToGetLink": "Anket sonuçlarına bağlantı oluşturmak için dokunun",
  "TapToSendReminder": "Anımsatıcı göndermek için dokunun",
  "CopyQuestionsAndCreateSurvey": "Aynı soruları kullanarak yeni bir Araştırma oluşturun",
  "GettingLink": "Bağlantı alınıyor...",
  "TapToShareLink": "Bağlantıyı paylaşmak için dokunun",
  "Responses": "Yanıtlar",
  "Respondents": "Yanıtlayanlar",
  "AllResponses": "Tüm yanıtlar",
  "MultipleChoice": "Çoktan seçmeli",
  "TextInput": "Metin girişi",
  "NumberInput": "Sayı girişi",
  "ImageAttachment": "Resim eki",
  "X_Responses": "{0} yanıt",
  "FROM_X_Respondents": "{0} katılımcıdan",
  "SURVEY_CLOSES_ON_X": "Araştırmanın kapanma tarihi: {0}",
  "X_Of_Y_People": "{0} / {1} kişi",
  "X_People": "{0} kişi",
  "One_Person": "1 kişi",
  "One_Person.comment": "Statik dize. Yanıt içgörülerinde kullanılır.",
  "AggregationNotSupported": "Bu soru türü için toplama desteklenmiyor. Ayrıntılar için lütfen araştırma sonuçlarını indirin",
  "ExpiresIn": "{0} gün içinde sona eriyor",
  "NextButtonTitle": "İleri",
  "PreviousButtonTitle": "Önceki",
  "SumTitle": "Toplam",
  "AverageTitle": "Ortalama",
  "QuestionResponsesNavTitle": "Soru {0} / {1}",
  "QuestionResponsesTitle": "YANITLAR (TOPLAM {0})",
  "CurrentUserResponsesNavTitle": "Yanıtlarınız",
  "UserResponsesNavTitle": "{0} adlı kişinin yanıtları",
  "SingleResponseMyResponseTitle": "Yanıtladınız",
  "SingleResponseNavTitle": "{0} adlı kişinin yanıtı",
  "CurrentUserSingleResponseNavTitle": "Yanıtınız",
  "SubmitResponseTitle": "Yanıtı Gönder",
  "SurveyEditPageTitle": "Araştırmayı düzenle",
  "SummaryEditSurveyTitle": "Araştırmayı düzenle",
  "EditSurveySubTitle": "Düzenlemek için araştırma başlığına ve ayarlara dokunun. Araştırma soruları düzenlenemez.",
  "SurveyEditPageUpdateButton": "GÜNCELLEŞTİR",
  "EditSurveyPageUserMessage": "Yalnızca araştırma ayrıntıları ve seçili ayarlar düzenlenebilir. Daha fazla değişiklik yapmak için yeni bir araştırma oluşturmanız gerekebilir",
  "UnsavedChanges": "Değişiklikler silinsin mi?",
  "DiscardConfirmationDailogDiscardButton": "SİL",
  "EditSurveyDiscardConfirmationDailogMessage": "Silerseniz tüm değişiklikleriniz kaybolur",
  "EditSurveyFailureMessage": "Araştırma şu anda düzenlenemiyor. Lütfen yeniden deneyin.",
  "EditSurveyNoUpdates": "Bu Araştırmada hiç değişiklik yapılmadı",
  "EditPageUpdatingMsg": "Güncelleştiriliyor...",
  "Cancel": "İPTAL",
  "DefaultResponseName": "{0}. Yanıt",
  "LocationDisclaimerText": "Konumunuz bu araştırmanın bir parçası olarak gereklidir. Kaizala, onayınız olmadan konumunuza erişemez veya konumunuzu kullanamaz.",
  "DiscardSurveyResponseDailogMessage": "Yanıtınızı silmek istediğinizden emin misiniz?",
  "ResponseSummaryLocationText": "Konumunuzu bu yanıtın bir parçası olarak paylaşılır.",
  "FetchingDetailedSummary": "Ayrıntılar alınıyor...",
  "NumericInputErrorLabel": "Yalnızca sayısal giriş kabul edilir",
  "DeleteCoverImage": "Kapak Resmini Sil",
  "DeletedCoverImage": "Araştırma kapak resmi silindi",
  "CoverImage": "Kapak Resmi",
  "QuestionHeaderText": "{0}. Soru, {1}",
  "DeleteQuestion": "Soruyu Sil",
  "DeleteOption": "Seçeneği Sil",
  "DeletedOptionTalkback": "Seçenek silindi",
  "OptionDeleteConfirmationDailogTitle": "Seçenek silinsin mi?",
  "DropDownOptionDeleteConfirmationDailogTitle": "Değişiklikleri Onaylıyor musunuz?",
  "OptionDeleteConfirmationDailogMessage": "Silinirse bu seçenek soruda görünmez",
  "DependencyDropDownOptDeleteConfirmationDialogMessage": "Bağlantılı soruları olan bir seçeneği sildiniz veya düzenlediniz. Devam ederseniz bağlantı kaldırılır.",
  "DependencyOptionDeleteConfirmationDailogMessage": "Bu seçeneğe bağlı bazı sorular var. Bağlantı, silme işleminden sonra kaybolacaktır.",
  "Edit": "Düzenle",
  "SurveyDropDownAnswersPlaceHolderText": "Yanıt seçenekleri ekleyin. Seçenek eklemek için Enter tuşunu kullanın.",
  "SurveyMakeThisQuestionOptionalText": "Bu soruyu isteğe bağlı yapın",
  "TapToSelectOptionText": "Seçenek belirlemek için dokunun",
  "AnswerChoicesText": "Yanıt Seçimleri",
  "MultipleImageSelectionError": "Birden çok görüntü seçtiniz. Yalnızca ilk görüntü gönderilecektir. Farklı bir resim kullanmak için lütfen temizle seçeneğine dokunun",
  "TapToOpenCamera": "KAMERAYI AÇMAK İÇİN DOKUNUN",
  "DateResponseSelectDate": "Tarih seçin",
  "DateResponseTapToAddDate": "Tarih eklemek için dokunun",
  "PhoneNumberResponseEnterPhoneNumber": "Telefon numarası girin",
  "QuestionHeader": "{0}. SORU",
  "NotRespondedTitle": "Yanıtlamayanlar",
  "SendReminder": "ANIMSATICI GÖNDER",
  "FeatureNotAvailableForForumMsg": "Bu özellik şu anda bu grupta kullanılamıyor",
  "QuestionRangeErrorString": "Yanıt, {0} ile {1} karakter arasında olmalıdır",
  "QuestionLengthRangeErrorString": "Yanıtın uzunluğu {0} ile {1} karakter arasında olmalıdır",
  "QuestionPhoneNumberLengthErrorString": "Telefon numarasının uzunluğu {0} karakter olmalıdır",
  "QuestionRangeOnlyIntegersErrorString": "Yanıt, {0} ile {1} arasında bir tamsayı olmalıdır",
  "QuestionResponseIntegerOnlyError": "Yanıt bir tamsayı olmalıdır ",
  "QuestionRangeHelpText": "{0} ile {1} karakter arasında bir yanıt yazın",
  "QuestionRangeIntHelpText": "{0} ile {1} arasında bir tamsayı yazın",
  "QuestionLengthHelpText": "{0} ile {1} karakter arasında bir yanıt yazın",
  "QuestionPhoneNumberLengthHelpText": "{0} karakter uzunluğunda bir telefon numarası girin",
  "QuestionResponseIntegerOnlyHelpText": "Bir tamsayı değeri yazın",
  "Optional": "İsteğe Bağlı",
  "NumericInputHelpText": "Yalnızca sayı yazın",
  "NumericInputHelpText.comment": "Yanlış sayısal giriş için yardım metni",
  "Warning": "Uyarı!!!",
  "Survey_Title": "Araştırma",
  "Survey_ReminderTitle": "Araştırma Anımsatıcısı",
  "Survey_Questions": "soru",
  "Survey_Question": "soru",
  "Survey_SummaryText_NoResponse_Creator": "Yanıtlar bekleniyor",
  "Survey_SummaryText_NoResponse_Receiver": "İlk siz yanıtlayın!",
  "Survey_SummaryText_CompleteResponse": "Bu araştırmaya herkes katıldı",
  "Survey_SummaryText_IncompleteResponse": "{0} / {1} katılımcı yanıtladı",
  "Survey_SummaryText_IncompleteResponse_Public_Grp": "{0} kişi yanıtladı",
  "Survey_SummaryText_OneResponse_Public_Grp": "1 kişi yanıtladı",
  "Survey_RespondButton_Title": "Araştırmaya Katılın",
  "Survey_AddNewResponseButton_Title": "Başka bir yanıt ekle",
  "Survey_Edited_Text": ". Düzenlendi",
  "SurveySummaryPageTitle": "Araştırma Özeti",
  "SurveyResponsePageTitle": "Araştırma Yanıtı",
  "SurveyCreationPageTitle": "Araştırma Oluşturma",
  "RefreshResponsesButtonTitle": "Yanıtları yenile",
  "AddQuestionHere": "Soruyu buraya ekleyin",
  "ResponderLocation": "Yanıtlayanın Konumu"
}