{
  "Survey": "सर्वेक्षण",
  "Ask a series of questions & get people’s opinion": "प्रश्नों की श्रृंखला पूछें और लोगों से उनकी राय प्राप्त करें",
  "_Ask a series of questions & get people’s opinion.cooment": "ऐप विवरण Discover स्क्रीन में दृश्यमान होता है",
  "NewSurveyPageTitle": "नया सर्वेक्षण",
  "IncompleteDetailsAlertTitle": "गुम विवरण जोड़ें",
  "IncompleteDetailsAlertMessage": "आपके द्वारा आगे बढ़ने से पहले सर्वेक्षण विवरण और प्रश्न आवश्यक हैं",
  "IncompleteQuestionDetailsMessage": "कृपया सभी आवश्यक फ़ील्ड्स पूर्ण करें",
  "OK": "ठीक",
  "SurveyOptionsPageTitle": "सर्वेक्षण विकल्प",
  "Send": "भेजें",
  "Next": "अगला",
  "Done": "पूर्ण",
  "SurveyAddCoverImage": "कवर छवि जोड़ें",
  "SurveyChangeCoverImage": "कवर छवि बदलें",
  "SurveyDetails": "सर्वेक्षण विवरण",
  "SurveyDetailsPageTitle": "सर्वेक्षण विवरण",
  "SurveyAddQuestion": "कोई प्रश्न जोड़ें",
  "SurveyOptionsTotalQuestion": "इस सर्वेक्षण में 1 प्रश्न है",
  "SurveyOptionsTotalQuestions": "इस सर्वेक्षण में {0} प्रश्न हैं",
  "Settings": "सेटिंग",
  "SurveyExpiryTitle": "सर्वेक्षण की समय सीमा समाप्त: {0}",
  "SurveyMultipleResponseTitle": "एकाधिक प्रतिसाद देने दें",
  "SurveyExpirySubTitle": "प्रतिसादों को स्वीकार करने के लिए अंतिम दिनांक और समय सेट करें",
  "SurveyVisibilityAllTitle": "परिणाम सभी के लिए दृश्यमान",
  "SurveyVisibilitySenderTitle": "परिणाम केवल मेरे लिए दृश्यमान",
  "SurveyVisibilityAdminTitle": "परिणाम केवल व्यवस्थापकों के लिए दृश्यमान",
  "SurveyAllowSendReminderAllTitle": "कोई भी अनुस्मारक भेज सकता है",
  "SurveyAllowSendReminderSenderTitle": "केवल मैं अनुस्मारक भेज सकता/सकती हूँ",
  "SurveyAllowSendReminderAdminTitle": "व्यवस्थापक और मैं अनुस्मारक भेज सकते हैं",
  "SurveyVisibilitySubTitle": "सेट करें कि कौन सर्वेक्षण परिणामों को देख सकेगा.",
  "SurveyAllowSendReminderSubTitle": "अनुस्मारक भेजने वाले व्यक्ति को सेट करें.",
  "SurveyMultipleResponseSubTitle": "उपयोगकर्ताओं को एकाधिक बार प्रतिसाद देने दें",
  "SurveyVisibilityHeader": "सर्वेक्षण परिणामों को कौन देख सकता है",
  "SurveyAllowSendReminderHeader": "अनुस्मारक कौन भेज सकता है",
  "SurveyVisibilityEveryOne": "हर कोई",
  "SurverVisibilityOnlyMe": "केवल मुझे",
  "SurveyVisibilityAdmin": "केवल व्यवस्थापक",
  "SurveyAllowSendReminderEveryOne": "कोई भी",
  "SurveyAllowSendReminderOnlyMe": "केवल मैं",
  "SurveyAllowSendReminderAdmin": "मैं और व्यवस्थापक",
  "SurveyResponseLocationTitle": "प्रतिसादों के साथ स्थान कैप्चर करें",
  "SurveyResponseLocationSubTitle": "प्रतिसाददाता के सर्वेक्षण प्रतिसाद के साथ उसकी स्थान जानकारी एकत्रित करें",
  "SurveyMandatoryResponseLocationTitle": "स्थान को प्रतिसाद का अनिवार्य भाग बनाने के लिए टैप करें",
  "SurveyDetailsTitleHeader": "सर्वेक्षण का शीर्षक",
  "SurveyDetailsTitlePlaceholder": "उदाहरण: बाज़ार शोध",
  "SurveyDetailsDescriptionHeader": "सर्वेक्षण का विवरण (वैकल्पिक)",
  "SurveyDetailsDescriptionPlaceholder": "यह सर्वेक्षण किस बारे में है?",
  "SurveyMultpleOptionPlaceholder": "विकल्प {0}",
  "SurveyQuestionHeader": "प्रश्न",
  "SurveyOptionAnswerHeader": "उत्तर दें",
  "SurveyOptionSettingHeader": "सेटिंग",
  "SurveyQuestionPlaceHolder": "दर्ज करने के लिए टैप करें",
  "SurveyAllowMultipleAnswerTitle": "चयनित किए जाने के लिए एक से अधिक उत्तर की अनुमति दें",
  "SurveyAddMoreOptionTalkBack": "नया विकल्प जोड़ा गया. विकल्प तक पहुँचने के लिए बाईं ओर स्वाइप करें. या नया विकल्प जोड़ने के लिए डबल टैप करें",
  "SurveyQuestionPageBreakTitle": "पृष्ठ विराम जोड़ें",
  "SurveyImageQuestionOnlyCamera": "केवल कैमरे की अनुमति दें",
  "SurveyImageQuestionSingleImages": "एकल छवि को प्रतिबंधित करें",
  "SurveyImageQuestionSingleImages.comment": "केवल एक छवि अनुलग्नक की अनुमति देने के लिए शीर्षक पाठ",
  "SurveyMultpleOptionAddMoreOption": "+ और विकल्प जोड़ें",
  "SurveyQuestionPickerHeader": "प्रतिसाद प्रकार चुनें",
  "SurveyQuestionPickerCloseButtonTitle": "बंद करें",
  "SurveyOptionCount": "{0} विकल्प",
  "LinkedQuesInfo": "प्रश्न {0} से लिंक किया गया",
  "Multiple Choice": "एकाधिक विकल्प",
  "Text Response": "पाठ",
  "Numeric Response": "संख्यात्मक",
  "Drop Down": "ड्रॉप डाउन",
  "Image Upload": "छवि",
  "Phone Number": "फ़ोन नंबर",
  "Date": "दिनांक",
  "DeleteConfirmationDailogTitle": "प्रश्न {0} हटाएँ?",
  "DeleteConfirmationDailogMessage": "यदि हटा दिया गया है, तो यह प्रश्न सर्वेक्षण में दिखाई नहीं देगा.",
  "DependencyQuestionInfoMessage": "इस प्रश्न की दृश्यता प्रश्न {0} के उत्तर पर निर्भर करती है",
  "DependencyQuestionDeleteConfirmationDailogMessage": "इस प्रश्न में कुछ ऐसे प्रश्न हैं जो इससे लिंक है. हटाने पर, लिंक निकल जाएगा.",
  "DiscardConfirmationDailogBackButton": "रद्द करें",
  "DiscardConfirmationDailogDeleteButton": "हटाएँ",
  "SurveyDiscardDailogTitle": "क्या आप वाकई छोडना चाहते हैं?",
  "SurveyDiscardConfirmationDailogMessage": "आपने जो भी बदलाव किए हैं, वे खो देंगे",
  "QuestionDiscardConfirmationDailogTitle": "प्रश्न छोड़ें?",
  "QuestionDiscardConfirmationDailogMessage": "आपके सभी परिवर्तन गुम हो जाएँगे",
  "QuestionDiscardConfirmationDailogBackButton": "रद्द करें",
  "QuestionDiscardConfirmationDailogDeleteButton": "छोड़ें",
  "ContinueButton": "जारी रखें",
  "StayButton": "रुकें",
  "LeaveButton": "छोड़ दें",
  "ConfirmButton": "पुष्टि करें",
  "title_sent": "प्रति <b>%s</b>",
  "subtitle": "%s प्रति <b>%s</b>",
  "all_filter": "सभी दिखाएँ",
  "complete_filter": "केवल पूर्ण",
  "grouping_option_string": "लोगों के अनुसार समूहीकृत करें",
  "incomplete_filter": "केवल अपूर्ण",
  "title_received": "<b>%s</b>",
  "description_string": "%s",
  "_description_string": "फ़ोकस आइटम विवरण",
  "SurveyResponseTitle": "सर्वेक्षण प्रतिसाद",
  "Start": "प्रारंभ करें",
  "QuestionCountLabel": "{0} प्रश्न",
  "QuestionsCountLabel": "{0} प्रश्न",
  "ChooseYourAnswerLabel": "अपना उत्तर चुनें",
  "YourResponseLabel": "आपका प्रतिसाद",
  "Clear": "साफ़ करें",
  "ProgressTextLabel": "{1} में से {0}",
  "NumericPlaceHolderText": "यहाँ दर्ज करें",
  "TapToAddPhoto": "फ़ोटो जोड़ने के लिए टैप करें",
  "AllQuestionRespondedHeader": "सभी प्रश्नों का उत्तर दिया गया!",
  "PendingQuestionHeader": "{0} प्रश्न लंबित",
  "PendingQuestionsHeader": "{0} प्रश्न लंबित",
  "YouResponded": "आपका प्रतिसाद: ",
  "Submit": "सबमिट करें",
  "Respond": "प्रतिसाद दें",
  "ResponseSummaryTitle": "प्रतिसाद का सारांश",
  "ReponseLocationPageHeader": "आपके द्वारा आगे बढ़ने से पहले <b>{0}</b> ने आपके स्थान का अनुरोध किया है.",
  "Refresh": "ताज़ा करें",
  "LocationUnavaliable": "स्थान अनुपलब्ध",
  "LocationTryAgain": "पुनः प्रयास करने के लिए ताज़ा करें पर टैप करें",
  "ResponseNameTitle": "प्रतिसाद का नाम",
  "PageLoadProgressTitle": "डेटा लाया जा रहा है...",
  "SummaryNavTitle": "सर्वेक्षण",
  "ErrorTitle": "कुछ गलत हुआ",
  "ErrorSubtitle": "अपना कनेक्शन जाँचें और पुनः प्रयास करें",
  "ErrorActionTitle": "पुनर्प्रयास करें",
  "SentTo": "इसके भेजा गया",
  "SurveyClosed": "सर्वेक्षण बंद किया गया",
  "ViewMoreText": "अधिक देखें",
  "ViewLessText": "कम देखें",
  "MyResonses": "मेरे प्रतिसाद",
  "NotResponded": "आपने अभी तक प्रतिसाद नहीं दिया है",
  "Responded": "प्रतिसाद दिया गया",
  "RespondNow": "अभी प्रतिसाद दें",
  "MyResponses": "मेरे प्रतिसाद",
  "AddNewResponse": "नया प्रतिसाद जोड़ें",
  "SurveyQuestions": "सर्वेक्षण प्रश्न",
  "Insights": "जानकारियाँ",
  "AllResponsesModuleHeader": "सभी प्रतिसाद",
  "CloseSurvey": "सर्वेक्षण बंद करें",
  "ShareSurveyResults": "सर्वेक्षण परिणामों के लिए लिंक",
  "RemindPeopleToRespond": "प्रतिसाद देने के लिए याद दिलाएँ",
  "DuplicateThisSurvey": "इस सर्वेक्षण का डुप्लिकेट बनाएँ",
  "TapToGetLink": "सर्वेक्षण परिणामों के लिए लिंक जेनरेट करने के लिए टैप करें",
  "TapToSendReminder": "अनुस्मारक भेजने के लिए टैप करें",
  "CopyQuestionsAndCreateSurvey": "समान प्रश्नों का उपयोग करके नया सर्वेक्षण बनाएँ",
  "GettingLink": "लिंक प्राप्त किया जा रहा है...",
  "TapToShareLink": "लिंक साझा करने के लिए टैप करें",
  "Responses": "प्रतिसाद",
  "Respondents": "प्रतिसादकर्ता",
  "AllResponses": "सभी प्रतिसाद",
  "MultipleChoice": "एकाधिक विकल्प",
  "TextInput": "पाठ इनपुट",
  "NumberInput": "संख्या इनपुट",
  "ImageAttachment": "छवि अनुलग्नक",
  "X_Responses": "{0} प्रतिसाद",
  "FROM_X_Respondents": "{0} प्रतिसादकर्ताओं की ओर से",
  "SURVEY_CLOSES_ON_X": "{0} को सर्वेक्षण बंद हो जाएगा",
  "X_Of_Y_People": "{1} में से {0} लोग",
  "X_People": "{0} लोग",
  "One_Person": "1 व्यक्ति",
  "One_Person.comment": "स्थिर स्ट्रिंग. प्रतिसाद इनसाइट्स में उपयोग की जाती है.",
  "AggregationNotSupported": "इस प्रश्न प्रकार के लिए एकीकरण समर्थित नहीं है. कृपया विवरण के लिए सर्वेक्षण परिणाम डाउनलोड करें",
  "ExpiresIn": "{0} में समाप्त होता है",
  "NextButtonTitle": "अगला",
  "PreviousButtonTitle": "पिछला",
  "SumTitle": "योग",
  "AverageTitle": "औसत",
  "QuestionResponsesNavTitle": "{1} में से {0} प्रश्न",
  "QuestionResponsesTitle": "प्रतिसाद ({0} कुल)",
  "CurrentUserResponsesNavTitle": "आपके प्रतिसाद",
  "UserResponsesNavTitle": "{0} के प्रतिसाद",
  "SingleResponseMyResponseTitle": "आपने प्रतिसाद दिया",
  "SingleResponseNavTitle": "{0} का प्रतिसाद",
  "CurrentUserSingleResponseNavTitle": "आपका प्रतिसाद",
  "SubmitResponseTitle": "प्रतिक्रिया सबमिट करें",
  "SurveyEditPageTitle": "सर्वेक्षण संपादित करें",
  "SummaryEditSurveyTitle": "सर्वेक्षण संपादित करें",
  "EditSurveySubTitle": "सर्वेक्षण शीर्षक और सेटिंग्स को संपादित करने के लिए टैप करें. सर्वेक्षण प्रश्नों को संपादित नहीं किया जा सकता.",
  "SurveyEditPageUpdateButton": "अद्यतन करें",
  "EditSurveyPageUserMessage": "केवल सर्वेक्षण विवरण और चयनित सेटिंग्स संपादित की जा सकती है. अधिक परिवर्तनों के लिए, हो सकता है कि आपको नया सर्वेक्षण बनाना पड़े",
  "UnsavedChanges": "परिवर्तन छोड़ें?",
  "DiscardConfirmationDailogDiscardButton": "छोड़ें",
  "EditSurveyDiscardConfirmationDailogMessage": "यदि आप छोड़ते हैं तो आपके सभी परिवर्तन खो जाएँगे",
  "EditSurveyFailureMessage": "इस समय सर्वेक्षण संपादित करने में असमर्थ. कृपया पुनः प्रयास करें.",
  "EditSurveyNoUpdates": "इस सर्वेक्षण में कोई परिवर्तन नहीं किए गए",
  "EditPageUpdatingMsg": "अद्यतन कर रहा है...",
  "Cancel": "रद्द करें",
  "DefaultResponseName": "प्रतिसाद {0}",
  "LocationDisclaimerText": "इस सर्वेक्षण के भाग के रूप में आपका स्थान आवश्यक होगा. Kaizala आपकी अनुमति के बिना आपके स्थान तक नहीं पहुँचेगा या उसका उपयोग नहीं करेगा.",
  "DiscardSurveyResponseDailogMessage": "क्या आप वाकई अपना प्रतिसाद छोड़ना चाहते हैं?",
  "ResponseSummaryLocationText": "इस प्रतिसाद के एक भाग के रूप में आपका स्थान साझा किया जाएगा.",
  "FetchingDetailedSummary": "विवरण ला रहा है...",
  "NumericInputErrorLabel": "केवल सांख्यिक इनपुट स्वीकृत हैं",
  "DeleteCoverImage": "कवर छवि हटाएँ",
  "DeletedCoverImage": "सर्वेक्षण कवर छवि हटाई गई",
  "CoverImage": "कवर छवि",
  "QuestionHeaderText": "प्रश्न {0}, {1}",
  "DeleteQuestion": "प्रश्न हटाएँ",
  "DeleteOption": "विकल्प हटाएँ",
  "DeletedOptionTalkback": "विकल्प हटाया गया",
  "OptionDeleteConfirmationDailogTitle": "विकल्प हटाएँ?",
  "DropDownOptionDeleteConfirmationDailogTitle": "बदलाव की पुष्टि करें?",
  "OptionDeleteConfirmationDailogMessage": "यदि हटाते हैं, तो यह विकल्प इस प्रश्न में नहीं दिखेगा",
  "DependencyDropDownOptDeleteConfirmationDialogMessage": "आपने ऐसे विकल्प को हटा दिया है या संपादित किया है जिसमें इससे लिंक प्रश्न है. यदि आप आगे बढ़ते हैं, तो लिंक निकाल दिया जाएगा.",
  "DependencyOptionDeleteConfirmationDailogMessage": "इस विकल्प में कुछ ऐसे प्रश्न हैं जो इससे लिंक है. हटाने पर, लिंक निकल जाएगा.",
  "Edit": "संपादित करें",
  "SurveyDropDownAnswersPlaceHolderText": "उत्तर विकल्पों को जोड़ें. विकल्पों को जोड़ने के लिए Enter कुंजी का उपयोग करें.",
  "SurveyMakeThisQuestionOptionalText": "इस प्रश्न को वैकल्पिक बनाएँ",
  "TapToSelectOptionText": "कोई विकल्प चुनने के लिए टैप करें",
  "AnswerChoicesText": "उत्तर विकल्प",
  "MultipleImageSelectionError": "आपने एकाधिक छवियों का चयन किया है. केवल पहली छवि भेजी जाएगी. किसी अन्य चित्र का उपयोग करने के लिए कृपया साफ़ करें पर टैप करें",
  "TapToOpenCamera": "कैमरा खोलने के लिए टैप करें",
  "DateResponseSelectDate": "दिनांक का चयन करें",
  "DateResponseTapToAddDate": "दिनांक जोड़ने के लिए टैप करें",
  "PhoneNumberResponseEnterPhoneNumber": "फ़ोन नंबर दर्ज करें",
  "QuestionHeader": "{0} प्रश्न",
  "NotRespondedTitle": "प्रतिसाद नहीं दिया गया",
  "SendReminder": "अनुस्मारक भेजें",
  "FeatureNotAvailableForForumMsg": "वर्तमान में यह सुविधा इस समूह के लिए उपलब्ध नहीं है",
  "QuestionRangeErrorString": "प्रतिसाद {0} और {1} के बीच होना चाहिए",
  "QuestionLengthRangeErrorString": "प्रतिसाद की लंबाई {0} और {1} के बीच होनी चाहिए",
  "QuestionPhoneNumberLengthErrorString": "फ़ोन नंबर में {0} अंक होने चाहिए",
  "QuestionRangeOnlyIntegersErrorString": "प्रतिसाद एक पूर्णांक {0} और {1} के बीच का होना चाहिए",
  "QuestionResponseIntegerOnlyError": "प्रतिसाद एक पूर्णांक होना चाहिए ",
  "QuestionRangeHelpText": "{0} और {1} के बीच का प्रतिसाद लिखें",
  "QuestionRangeIntHelpText": "{0} और {1} के बीच का पूर्णांक लिखें",
  "QuestionLengthHelpText": "{0} और {1} के बीच की लंबाई का प्रतिसाद लिखें",
  "QuestionPhoneNumberLengthHelpText": "{0} अंकों का फ़ोन नंबर लिखें",
  "QuestionResponseIntegerOnlyHelpText": "कोई पूर्णांक मान लिखें",
  "Optional": "वैकल्पिक",
  "NumericInputHelpText": "केवल संख्याएँ लिखें",
  "NumericInputHelpText.comment": "गलत सांख्यिक इनपुट के लिए सहायता पाठ",
  "Warning": "चेतावनी!!!",
  "Survey_Title": "सर्वेक्षण",
  "Survey_ReminderTitle": "सर्वेक्षण अनुस्मारक",
  "Survey_Questions": "प्रश्न",
  "Survey_Question": "प्रश्न",
  "Survey_SummaryText_NoResponse_Creator": "प्रतिसादों की प्रतीक्षा कर रहा है",
  "Survey_SummaryText_NoResponse_Receiver": "प्रतिसाद देने वाले सबसे पहले व्यक्ति बनें!",
  "Survey_SummaryText_CompleteResponse": "सभी ने यह सर्वेक्षण किया है",
  "Survey_SummaryText_IncompleteResponse": "{1} में से {0} लोगों ने प्रतिसाद दिया",
  "Survey_SummaryText_IncompleteResponse_Public_Grp": "{0} लोगों ने प्रतिसाद दिया",
  "Survey_SummaryText_OneResponse_Public_Grp": "1 व्यक्ति ने प्रतिसाद दिया",
  "Survey_RespondButton_Title": "सर्वेक्षण करें",
  "Survey_AddNewResponseButton_Title": "कोई अन्य प्रतिसाद जोड़ें",
  "Survey_Edited_Text": ". संपादित",
  "SurveySummaryPageTitle": "सर्वेक्षण सारांश",
  "SurveyResponsePageTitle": "सर्वेक्षण प्रतिसाद",
  "SurveyCreationPageTitle": "सर्वेक्षण बनाना",
  "RefreshResponsesButtonTitle": "प्रतिसाद ताज़ा करें",
  "AddQuestionHere": "यहाँ प्रश्न जोड़ें",
  "ResponderLocation": "प्रतिसाददाता का स्थान"
}