{
  "Survey": "Khảo sát",
  "Ask a series of questions & get people’s opinion": "Đặt một loạt câu hỏi & thu thập ý kiến của mọi người",
  "_Ask a series of questions & get people’s opinion.cooment": "Hiển thị mô tả ứng dụng trong màn hình Khám phá",
  "NewSurveyPageTitle": "Cuộc khảo sát mới",
  "IncompleteDetailsAlertTitle": "Thêm các chi tiết bị thiếu",
  "IncompleteDetailsAlertMessage": "Phải nhập chi tiết cuộc khảo sát và câu hỏi trước khi bạn tiếp tục",
  "IncompleteQuestionDetailsMessage": "Vui lòng hoàn thành tất cả các trường bắt buộc",
  "OK": "OK",
  "SurveyOptionsPageTitle": "Tùy chọn khảo sát",
  "Send": "GỬI",
  "Next": "TIẾP THEO",
  "Done": "XONG",
  "SurveyAddCoverImage": "Thêm ảnh bìa",
  "SurveyChangeCoverImage": "Thay đổi hình ảnh bìa",
  "SurveyDetails": "CHI TIẾT CUỘC KHẢO SÁT",
  "SurveyDetailsPageTitle": "Chi tiết cuộc khảo sát",
  "SurveyAddQuestion": "Thêm câu hỏi",
  "SurveyOptionsTotalQuestion": "Cuộc khảo sát này có 1 câu hỏi",
  "SurveyOptionsTotalQuestions": "Cuộc khảo sát này có {0} câu hỏi",
  "Settings": "CÀI ĐẶT",
  "SurveyExpiryTitle": "Hết hạn khảo sát: {0}",
  "SurveyMultipleResponseTitle": "Cho phép nhiều phản hồi",
  "SurveyExpirySubTitle": "Đặt ngày và thời gian mới nhất cho việc chấp nhận phản hồi",
  "SurveyVisibilityAllTitle": "Hiển thị kết quả cho tất cả mọi người",
  "SurveyVisibilitySenderTitle": "Chỉ hiển thị kết quả cho tôi",
  "SurveyVisibilityAdminTitle": "Chỉ hiển thị kết quả cho người quản trị",
  "SurveyAllowSendReminderAllTitle": "Bất cứ ai cũng có thể gửi lời nhắc",
  "SurveyAllowSendReminderSenderTitle": "Chỉ tôi mới có thể gửi lời nhắc",
  "SurveyAllowSendReminderAdminTitle": "Người quản trị và tôi có thể gửi lời nhắc",
  "SurveyVisibilitySubTitle": "Đặt ai có thể xem kết quả khảo sát.",
  "SurveyAllowSendReminderSubTitle": "Đặt người có thể gửi lời nhắc.",
  "SurveyMultipleResponseSubTitle": "Cho phép người dùng phản hồi nhiều lần",
  "SurveyVisibilityHeader": "Ai có thể xem kết quả khảo sát",
  "SurveyAllowSendReminderHeader": "Những người có thể gửi lời nhắc",
  "SurveyVisibilityEveryOne": "Mọi người",
  "SurverVisibilityOnlyMe": "Chỉ tôi",
  "SurveyVisibilityAdmin": "Chỉ người quản trị",
  "SurveyAllowSendReminderEveryOne": "Bất cứ ai",
  "SurveyAllowSendReminderOnlyMe": "Chỉ tôi",
  "SurveyAllowSendReminderAdmin": "Tôi và người quản trị",
  "SurveyResponseLocationTitle": "Chụp vị trí kèm theo phản hồi",
  "SurveyResponseLocationSubTitle": "Thu thập vị trí của người phản hồi kèm theo phản hồi khảo sát của họ",
  "SurveyMandatoryResponseLocationTitle": "Nhấn để đặt vị trí là một phần bắt buộc của phản hồi",
  "SurveyDetailsTitleHeader": "Tên khảo sát",
  "SurveyDetailsTitlePlaceholder": "Ví dụ: Nghiên cứu thị trường",
  "SurveyDetailsDescriptionHeader": "Mô tả về khảo sát (Tùy chọn)",
  "SurveyDetailsDescriptionPlaceholder": "Cuộc khảo sát có nội dung gì?",
  "SurveyMultpleOptionPlaceholder": "Tùy chọn {0}",
  "SurveyQuestionHeader": "Câu hỏi",
  "SurveyOptionAnswerHeader": "Câu trả lời",
  "SurveyOptionSettingHeader": "Cài đặt",
  "SurveyQuestionPlaceHolder": "Nhấn để nhập",
  "SurveyAllowMultipleAnswerTitle": "Cho phép chọn nhiều câu trả lời",
  "SurveyAddMoreOptionTalkBack": "Đã thêm tùy chọn mới. Hãy vuốt sang trái để truy cập vào tùy chọn. Hoặc nhấn đúp để thêm một tùy chọn mới",
  "SurveyQuestionPageBreakTitle": "Thêm ngắt trang",
  "SurveyImageQuestionOnlyCamera": "Chỉ cho phép camera",
  "SurveyImageQuestionSingleImages": "Hạn chế về một hình ảnh duy nhất",
  "SurveyImageQuestionSingleImages.comment": "Văn bản tiêu đề chỉ cho phép một tệp đính kèm hình ảnh",
  "SurveyMultpleOptionAddMoreOption": "+ Thêm nhiều tùy chọn hơn",
  "SurveyQuestionPickerHeader": "CHỌN LOẠI PHẢN HỒI",
  "SurveyQuestionPickerCloseButtonTitle": "ĐÓNG",
  "SurveyOptionCount": "{0} Lựa chọn",
  "LinkedQuesInfo": "Đã liên kết với câu hỏi {0}",
  "Multiple Choice": "Nhiều lựa chọn",
  "Text Response": "Văn bản",
  "Numeric Response": "Số",
  "Drop Down": "Thả xuống",
  "Image Upload": "Hình ảnh",
  "Phone Number": "Số điện thoại",
  "Date": "Ngày",
  "DeleteConfirmationDailogTitle": "Xóa câu hỏi {0}?",
  "DeleteConfirmationDailogMessage": "If deleted, this question will not appear in the survey.",
  "DependencyQuestionInfoMessage": "Khả năng hiển thị câu hỏi này tùy thuộc vào câu trả lời của câu hỏi {0}",
  "DependencyQuestionDeleteConfirmationDailogMessage": "This question has questions linked to it. On deletion, the link will be removed. ",
  "DiscardConfirmationDailogBackButton": "HỦY BỎ",
  "DiscardConfirmationDailogDeleteButton": "XÓA",
  "SurveyDiscardDailogTitle": "Are you sure you want to leave?",
  "SurveyDiscardConfirmationDailogMessage": "You’ll lose any changes you’ve made",
  "QuestionDiscardConfirmationDailogTitle": "Bỏ câu hỏi?",
  "QuestionDiscardConfirmationDailogMessage": "Tất cả các thay đổi của bạn sẽ bị mất",
  "QuestionDiscardConfirmationDailogBackButton": "HỦY BỎ",
  "QuestionDiscardConfirmationDailogDeleteButton": "BỎ",
  "ContinueButton": "TIẾP TỤC",
  "StayButton": "STAY",
  "LeaveButton": "LEAVE",
  "ConfirmButton": "CONFIRM",
  "title_sent": "Đến <b>%s</b>",
  "subtitle": "%s đến <b>%s</b>",
  "all_filter": "Hiển thị tất cả",
  "complete_filter": "Chỉ hoàn thành",
  "grouping_option_string": "Nhóm theo người",
  "incomplete_filter": "Chỉ chưa hoàn thành",
  "title_received": "<b>%s</b>",
  "description_string": "%s",
  "_description_string": "Mô tả của Mục tập trung",
  "SurveyResponseTitle": "Phản hồi khảo sát",
  "Start": "BẮT ĐẦU",
  "QuestionCountLabel": "Câu hỏi {0}",
  "QuestionsCountLabel": "{0} Câu hỏi",
  "ChooseYourAnswerLabel": "Chọn câu trả lời của bạn",
  "YourResponseLabel": "Phản hồi của bạn",
  "Clear": "XÓA",
  "ProgressTextLabel": "{0} trên {1}",
  "NumericPlaceHolderText": "Nhập vào đây",
  "TapToAddPhoto": "NHẤN ĐỂ THÊM ẢNH",
  "AllQuestionRespondedHeader": "Đã trả lời mọi câu hỏi!",
  "PendingQuestionHeader": "{0} câu hỏi đang chờ xử lý",
  "PendingQuestionsHeader": "{0} câu hỏi đang chờ xử lý",
  "YouResponded": "Phản hồi của bạn: ",
  "Submit": "GỬI",
  "Respond": "Phản hồi",
  "ResponseSummaryTitle": "Tóm tắt phản hồi",
  "ReponseLocationPageHeader": "<b>{0}</b> đã yêu cầu vị trí của bạn trước khi có thể tiếp tục.",
  "Refresh": "LÀM MỚI",
  "LocationUnavaliable": "Không có vị trí",
  "LocationTryAgain": "Nhấn vào làm mới để thử lại",
  "ResponseNameTitle": "TÊN PHẢN HỒI",
  "PageLoadProgressTitle": "Đang tải dữ liệu...",
  "SummaryNavTitle": "Khảo sát",
  "ErrorTitle": "Đã xảy ra lỗi",
  "ErrorSubtitle": "Kiểm tra kết nối của bạn, rồi thử lại",
  "ErrorActionTitle": "THỬ LẠI",
  "SentTo": "Đã gửi đến",
  "SurveyClosed": "Đã kết thúc cuộc khảo sát",
  "ViewMoreText": "Xem thêm",
  "ViewLessText": "Xem ít hơn",
  "MyResonses": "PHẢN HỒI CỦA TÔI",
  "NotResponded": "Bạn chưa phản hồi",
  "Responded": "Đã phản hồi",
  "RespondNow": "PHẢN HỒI NGAY",
  "MyResponses": "PHẢN HỒI CỦA TÔI",
  "AddNewResponse": "Thêm phản hồi mới",
  "SurveyQuestions": "CÂU HỎI KHẢO SÁT",
  "Insights": "THÔNG TIN CHUYÊN SÂU",
  "AllResponsesModuleHeader": "TOÀN BỘ PHẢN HỒI",
  "CloseSurvey": "Đóng cuộc khảo sát",
  "ShareSurveyResults": "Liên kết cho kết quả khảo sát",
  "RemindPeopleToRespond": "Nhắc mọi người phản hồi",
  "DuplicateThisSurvey": "Nhân đôi cuộc khảo sát này",
  "TapToGetLink": "Nhấn để tạo liên kết cho kết quả khảo sát",
  "TapToSendReminder": "Nhấn để gửi lời nhắc",
  "CopyQuestionsAndCreateSurvey": "Tạo một Cuộc khảo sát mới bằng cách sử dụng cùng các câu hỏi",
  "GettingLink": "Đang tải liên kết...",
  "TapToShareLink": "Nhấn để chia sẻ liên kết",
  "Responses": "Phản hồi",
  "Respondents": "Người phản hồi",
  "AllResponses": "Toàn bộ phản hồi",
  "MultipleChoice": "Nhiều lựa chọn",
  "TextInput": "Nhập văn bản",
  "NumberInput": "Nhập số",
  "ImageAttachment": "Hình ảnh đính kèm",
  "X_Responses": "{0} phản hồi",
  "FROM_X_Respondents": "Từ {0} người phản hồi",
  "SURVEY_CLOSES_ON_X": "Cuộc khảo sát sẽ đóng vào {0}",
  "X_Of_Y_People": "{0} trên {1} người",
  "X_People": "{0} người",
  "One_Person": "1 người",
  "One_Person.comment": "Chuỗi tĩnh. Dùng trong thông tin chi tiết về phản hồi.",
  "AggregationNotSupported": "Không hỗ trợ tổng hợp cho loại câu hỏi này. Vui lòng tải xuống kết quả khảo sát để biết chi tiết",
  "ExpiresIn": "Hết hạn trong {0} ngày nữa",
  "NextButtonTitle": "Tiếp theo",
  "PreviousButtonTitle": "Trước",
  "SumTitle": "Tổng",
  "AverageTitle": "Trung bình",
  "QuestionResponsesNavTitle": "Câu hỏi {0} trên {1}",
  "QuestionResponsesTitle": "PHẢN HỒI (TỔNG SỐ {0})",
  "CurrentUserResponsesNavTitle": "Phản hồi của bạn",
  "UserResponsesNavTitle": "Phản hồi của {0}",
  "SingleResponseMyResponseTitle": "Bạn chưa phản hồi",
  "SingleResponseNavTitle": "Phản hồi của {0}",
  "CurrentUserSingleResponseNavTitle": "Phản hồi của bạn",
  "SubmitResponseTitle": "Gửi phản hồi",
  "SurveyEditPageTitle": "Chỉnh sửa cuộc khảo sát",
  "SummaryEditSurveyTitle": "Chỉnh sửa cuộc khảo sát",
  "EditSurveySubTitle": "Nhấn để chỉnh sửa tiêu đề và cài đặt của Khảo sát. Không thể chỉnh sửa câu hỏi khảo sát.",
  "SurveyEditPageUpdateButton": "CẬP NHẬT",
  "EditSurveyPageUserMessage": "Chỉ có thể chỉnh sửa chi tiết cuộc khảo sát và cài đặt được chọn. Để thực hiện nhiều thay đổi, bạn có thể phải tạo một cuộc khảo sát mới",
  "UnsavedChanges": "Bỏ thay đổi?",
  "DiscardConfirmationDailogDiscardButton": "BỎ",
  "EditSurveyDiscardConfirmationDailogMessage": "Mọi thay đổi của bạn sẽ bị mất khi bạn bỏ",
  "EditSurveyFailureMessage": "Hiện không thể chỉnh sửa cuộc khảo sát. Vui lòng thử lại.",
  "EditSurveyNoUpdates": "Chưa thực hiện thay đổi nào cho cuộc khảo sát này",
  "EditPageUpdatingMsg": "Đang cập nhật...",
  "Cancel": "HỦY BỎ",
  "DefaultResponseName": "Phản hồi {0}",
  "LocationDisclaimerText": "Cuộc khảo sát này sẽ yêu cầu vị trí của bạn. Kaizala sẽ không truy nhập hoặc sử dụng vị trí của bạn mà không có sự đồng ý của bạn.",
  "DiscardSurveyResponseDailogMessage": "Bạn có chắc chắn muốn bỏ phản hồi của mình không?",
  "ResponseSummaryLocationText": "Vị trí của bạn sẽ được chia sẻ như một phần trong phản hồi này.",
  "FetchingDetailedSummary": "Đang tải chi tiết...",
  "NumericInputErrorLabel": "Chỉ chấp nhận nhập số",
  "DeleteCoverImage": "Xóa ảnh bìa",
  "DeletedCoverImage": "Đã xóa ảnh bìa của cuộc khảo sát",
  "CoverImage": "Ảnh bìa",
  "QuestionHeaderText": "Câu hỏi {0}, {1}",
  "DeleteQuestion": "Xóa câu hỏi",
  "DeleteOption": "Xóa tùy chọn",
  "DeletedOptionTalkback": "Xóa tùy chọn",
  "OptionDeleteConfirmationDailogTitle": "Bạn muốn xóa tùy chọn?",
  "DropDownOptionDeleteConfirmationDailogTitle": "Confirm Changes?",
  "OptionDeleteConfirmationDailogMessage": "Nếu bị xóa, thì tùy chọn này sẽ không xuất hiện trong câu hỏi",
  "DependencyDropDownOptDeleteConfirmationDialogMessage": "You have deleted or edited an option that has questions linked to it. If you proceed, the link will be removed.",
  "DependencyOptionDeleteConfirmationDailogMessage": "This option has questions linked to it. On deletion, the link will be removed.",
  "Edit": "Chỉnh sửa",
  "SurveyDropDownAnswersPlaceHolderText": "Thêm tùy chọn trả lời. Sử dụng phím Enter để thêm tùy chọn.",
  "SurveyMakeThisQuestionOptionalText": "Đặt câu hỏi này là tùy chọn",
  "TapToSelectOptionText": "Nhấn để chọn một tùy chọn",
  "AnswerChoicesText": "Lựa chọn cho câu trả lời",
  "MultipleImageSelectionError": "Bạn đã chọn nhiều hình ảnh. Sẽ chỉ gửi hình ảnh đầu tiên. Vui lòng nhấn vào xóa để sử dụng một ảnh khác",
  "TapToOpenCamera": "NHẤN ĐỂ MỞ CAMERA",
  "DateResponseSelectDate": "Chọn ngày",
  "DateResponseTapToAddDate": "Nhấn để thêm ngày",
  "PhoneNumberResponseEnterPhoneNumber": "Nhập số điện thoại",
  "QuestionHeader": "CÂU HỎI {0}",
  "NotRespondedTitle": "Chưa phản hồi",
  "SendReminder": "GỬI LỜI NHẮC",
  "FeatureNotAvailableForForumMsg": "Hiện chưa có tính năng này cho nhóm này",
  "QuestionRangeErrorString": "Phản hồi nên nằm trong khoảng từ {0} đến {1}",
  "QuestionLengthRangeErrorString": "Độ dài của phản hồi nên trong khoảng từ {0} đến {1}",
  "QuestionPhoneNumberLengthErrorString": "Độ dài của Số điện thoại nên là {0}",
  "QuestionRangeOnlyIntegersErrorString": "Phản hồi nên là số nguyên trong khoảng từ {0} đến {1}",
  "QuestionResponseIntegerOnlyError": "Phản hồi nên là một số nguyên ",
  "QuestionRangeHelpText": "Nhập một phản hồi trong khoảng từ {0} đến {1}",
  "QuestionRangeIntHelpText": "Nhập một số nguyên trong khoảng từ {0} đến {1}",
  "QuestionLengthHelpText": "Nhập một phản hồi với độ dài từ {0} đến {1}",
  "QuestionPhoneNumberLengthHelpText": "Nhập một Số điện thoại có độ dài là {0}",
  "QuestionResponseIntegerOnlyHelpText": "Nhập một giá trị số nguyên",
  "Optional": "Tùy chọn",
  "NumericInputHelpText": "Chỉ nhập số",
  "NumericInputHelpText.comment": "Văn bản trợ giúp khi nhập sai số",
  "Warning": "Chú ý!!!",
  "Survey_Title": "Khảo sát",
  "Survey_ReminderTitle": "Lời nhắc khảo sát",
  "Survey_Questions": "câu hỏi",
  "Survey_Question": "câu hỏi",
  "Survey_SummaryText_NoResponse_Creator": "Đang chờ phản hồi",
  "Survey_SummaryText_NoResponse_Receiver": "Hãy trở thành người đầu tiên phản hồi!",
  "Survey_SummaryText_CompleteResponse": "Tất cả mọi người đã thực hiện cuộc khảo sát này",
  "Survey_SummaryText_IncompleteResponse": "{0} trên {1} người dự đã phản hồi",
  "Survey_SummaryText_IncompleteResponse_Public_Grp": "{0} người đã phản hồi",
  "Survey_SummaryText_OneResponse_Public_Grp": "1 người đã phản hồi",
  "Survey_RespondButton_Title": "Thực hiện khảo sát",
  "Survey_AddNewResponseButton_Title": "Thêm một phản hồi khác",
  "Survey_Edited_Text": ". Đã chỉnh sửa",
  "SurveySummaryPageTitle": "Tóm tắt cuộc khảo sát",
  "SurveyResponsePageTitle": "Phản hồi cuộc khảo sát",
  "SurveyCreationPageTitle": "Tạo cuộc khảo sát",
  "RefreshResponsesButtonTitle": "Làm mới phản hồi",
  "AddQuestionHere": "Thêm câu hỏi ở đây",
  "ResponderLocation": "Vị trí của người trả lời"
}