{
  "Survey": "Survei",
  "Ask a series of questions & get people’s opinion": "Ajukan rangkaian pertanyaan & dapatkan opini pengguna",
  "_Ask a series of questions & get people’s opinion.cooment": "Deskripsi Aplikasi terlihat di layar Temukan",
  "NewSurveyPageTitle": "Survei Baru",
  "IncompleteDetailsAlertTitle": "Tambahkan Detail yang Tidak Ada",
  "IncompleteDetailsAlertMessage": "Diperlukan detail dan pertanyaan survei sebelum Anda melanjutkan",
  "IncompleteQuestionDetailsMessage": "Silakan lengkapi semua kolom yang wajib diisi",
  "OK": "OK",
  "SurveyOptionsPageTitle": "Opsi Survei",
  "Send": "KIRIM",
  "Next": "BERIKUTNYA",
  "Done": "SELESAI",
  "SurveyAddCoverImage": "Tambahkan Gambar sampul",
  "SurveyChangeCoverImage": "Ubah Gambar sampul",
  "SurveyDetails": "DETAIL SURVEI",
  "SurveyDetailsPageTitle": "Detail Survei",
  "SurveyAddQuestion": "Tambahkan pertanyaan",
  "SurveyOptionsTotalQuestion": "Survei ini memiliki 1 Pertanyaan",
  "SurveyOptionsTotalQuestions": "Survei ini memiliki {0} Pertanyaan",
  "Settings": "PENGATURAN",
  "SurveyExpiryTitle": "Kedaluwarsa Survei: {0}",
  "SurveyMultipleResponseTitle": "Izinkan Beberapa Tanggapan",
  "SurveyExpirySubTitle": "Atur tanggal dan waktu terakhir untuk menerima tanggapan",
  "SurveyVisibilityAllTitle": "Hasil dapat dilihat semua orang",
  "SurveyVisibilitySenderTitle": "Hasil hanya diperlihatkan ke saya",
  "SurveyVisibilityAdminTitle": "Hasil hanya terlihat oleh Admin",
  "SurveyAllowSendReminderAllTitle": "Siapa saja dapat mengirim pengingat",
  "SurveyAllowSendReminderSenderTitle": "Hanya saya yang dapat mengirim pengingat",
  "SurveyAllowSendReminderAdminTitle": "Saya dan admin dapat mengirim pengingat",
  "SurveyVisibilitySubTitle": "Atur siapa saja yang dapat melihat hasil survei.",
  "SurveyAllowSendReminderSubTitle": "Tetapkan siapa yang dapat mengirim pengingat.",
  "SurveyMultipleResponseSubTitle": "Izinkan pengguna menanggapi beberapa kali",
  "SurveyVisibilityHeader": "Siapa yang dapat melihat hasil Survei",
  "SurveyAllowSendReminderHeader": "Siapa yang dapat mengirim pengingat",
  "SurveyVisibilityEveryOne": "Semua orang",
  "SurverVisibilityOnlyMe": "Hanya saya",
  "SurveyVisibilityAdmin": "Hanya Admin",
  "SurveyAllowSendReminderEveryOne": "Siapa saja",
  "SurveyAllowSendReminderOnlyMe": "Hanya saya",
  "SurveyAllowSendReminderAdmin": "Saya dan admin",
  "SurveyResponseLocationTitle": "Tangkap lokasi dengan tanggapan",
  "SurveyResponseLocationSubTitle": "Kumpulkan lokasi responden dengan respons survei mereka",
  "SurveyMandatoryResponseLocationTitle": "Ketuk untuk menjadikan lokasi sebagai bagian wajib dari tanggapan",
  "SurveyDetailsTitleHeader": "Judul Survei",
  "SurveyDetailsTitlePlaceholder": "Contoh: Riset Pasar",
  "SurveyDetailsDescriptionHeader": "Deskripsi Survei (opsional)",
  "SurveyDetailsDescriptionPlaceholder": "Survei ini tentang apa?",
  "SurveyMultpleOptionPlaceholder": "Opsi {0}",
  "SurveyQuestionHeader": "Pertanyaan",
  "SurveyOptionAnswerHeader": "Jawaban",
  "SurveyOptionSettingHeader": "Pengaturan",
  "SurveyQuestionPlaceHolder": "Ketuk untuk memasukkan",
  "SurveyAllowMultipleAnswerTitle": "Izinkan memilih lebih dari satu jawaban",
  "SurveyAddMoreOptionTalkBack": "Opsi baru ditambahkan. Geser ke kiri untuk mengakses opsi. Atau ketuk dua kali untuk menambahkan opsi baru",
  "SurveyQuestionPageBreakTitle": "Tambahkan hentian halaman",
  "SurveyImageQuestionOnlyCamera": "Hanya izinkan Kamera",
  "SurveyImageQuestionSingleImages": "Batasi untuk satu gambar",
  "SurveyImageQuestionSingleImages.comment": "Teks judul untuk mengizinkan satu lampiran gambar saja",
  "SurveyMultpleOptionAddMoreOption": "+ Tambahkan lebih banyak opsi",
  "SurveyQuestionPickerHeader": "PILIH JENIS TANGGAPAN",
  "SurveyQuestionPickerCloseButtonTitle": "TUTUP",
  "SurveyOptionCount": "{0} Pilihan",
  "LinkedQuesInfo": "Tertaut dengan pertanyaan {0}",
  "Multiple Choice": "Pilihan Ganda",
  "Text Response": "Teks",
  "Numeric Response": "Numerik",
  "Drop Down": "Menurun",
  "Image Upload": "Gambar",
  "Phone Number": "Nomor Telepon",
  "Date": "Tanggal",
  "DeleteConfirmationDailogTitle": "Hapus Pertanyaan {0}?",
  "DeleteConfirmationDailogMessage": "Jika dihapus, pertanyaan ini tidak akan muncul dalam survei.",
  "DependencyQuestionInfoMessage": "Visibilitas pertanyaan ini bergantung pada respons pertanyaan {0}",
  "DependencyQuestionDeleteConfirmationDailogMessage": "Pertanyaan ini memiliki beberapa pertanyaan yang terkait. Saat dihapus, tautan akan hilang. ",
  "DiscardConfirmationDailogBackButton": "BATAL",
  "DiscardConfirmationDailogDeleteButton": "HAPUS",
  "SurveyDiscardDailogTitle": "Yakin ingin meninggalkan?",
  "SurveyDiscardConfirmationDailogMessage": "Perubahan yang Anda buat akan hilang",
  "QuestionDiscardConfirmationDailogTitle": "Buang Pertanyaan?",
  "QuestionDiscardConfirmationDailogMessage": "Semua perubahan Anda akan hilang",
  "QuestionDiscardConfirmationDailogBackButton": "BATAL",
  "QuestionDiscardConfirmationDailogDeleteButton": "BUANG",
  "ContinueButton": "LANJUTKAN",
  "StayButton": "TETAP TINGGAL",
  "LeaveButton": "TINGGALKAN",
  "ConfirmButton": "KONFIRMASIKAN",
  "title_sent": "Untuk <b>%s</b>",
  "subtitle": "%s untuk <b>%s</b>",
  "all_filter": "Tampilkan semua",
  "complete_filter": "Hanya yang selesai",
  "grouping_option_string": "Kelompokkan menurut pengguna",
  "incomplete_filter": "Hanya yang tidak selesai",
  "title_received": "<b>%s</b>",
  "description_string": "%s",
  "_description_string": "Deskripsi Item Fokus",
  "SurveyResponseTitle": "Tanggapan Survei",
  "Start": "MULAI",
  "QuestionCountLabel": "{0} Pertanyaan",
  "QuestionsCountLabel": "{0} Pertanyaan",
  "ChooseYourAnswerLabel": "Pilih Jawaban Anda",
  "YourResponseLabel": "Tanggapan Anda",
  "Clear": "BERSIHKAN",
  "ProgressTextLabel": "{0} dari {1}",
  "NumericPlaceHolderText": "Masukkan Di sini",
  "TapToAddPhoto": "KETUK UNTUK MENAMBAHKAN FOTO",
  "AllQuestionRespondedHeader": "Semua pertanyaan terjawab!",
  "PendingQuestionHeader": "{0} pertanyaan tertunda",
  "PendingQuestionsHeader": "{0} pertanyaan tertunda",
  "YouResponded": "Tanggapan Anda: ",
  "Submit": "KIRIM",
  "Respond": "Tanggapi",
  "ResponseSummaryTitle": "Ringkasan Tanggapan",
  "ReponseLocationPageHeader": "<b>{0}</b> telah meminta lokasi sebelum Anda dapat melanjutkan.",
  "Refresh": "REFRESH",
  "LocationUnavaliable": "Lokasi tidak tersedia",
  "LocationTryAgain": "Ketuk refresh untuk mencoba lagi",
  "ResponseNameTitle": "NAMA TANGGAPAN",
  "PageLoadProgressTitle": "Mengambil data...",
  "SummaryNavTitle": "Survei",
  "ErrorTitle": "Terjadi kesalahan",
  "ErrorSubtitle": "Periksa koneksi Anda lalu coba lagi",
  "ErrorActionTitle": "COBA LAGI",
  "SentTo": "Terkirim ke",
  "SurveyClosed": "Survei ditutup",
  "ViewMoreText": "Lihat selengkapnya",
  "ViewLessText": "Lihat lebih sedikit",
  "MyResonses": "TANGGAPAN SAYA",
  "NotResponded": "Anda belum menanggapi",
  "Responded": "Ditanggapi",
  "RespondNow": "TANGGAPI SEKARANG",
  "MyResponses": "TANGGAPAN SAYA",
  "AddNewResponse": "Tambahkan tanggapan baru",
  "SurveyQuestions": "PERTANYAAN SURVEI",
  "Insights": "WAWASAN",
  "AllResponsesModuleHeader": "SEMUA TANGGAPAN",
  "CloseSurvey": "Tutup Survei",
  "ShareSurveyResults": "Tautan untuk Hasil Survei",
  "RemindPeopleToRespond": "Ingatkan orang-orang untuk menanggapi",
  "DuplicateThisSurvey": "Duplikatkan Survei ini",
  "TapToGetLink": "Ketuk untuk menghasilkan tautan untuk hasil survei",
  "TapToSendReminder": "Ketuk untuk mengirimkan pengingat",
  "CopyQuestionsAndCreateSurvey": "Buat Survei baru yang menggunakan pertanyaan yang sama",
  "GettingLink": "Mendapatkan tautan...",
  "TapToShareLink": "Ketuk untuk membagikan tautan",
  "Responses": "Tanggapan",
  "Respondents": "Responden",
  "AllResponses": "Semua tanggapan",
  "MultipleChoice": "Pilihan ganda",
  "TextInput": "Input teks",
  "NumberInput": "Input Angka",
  "ImageAttachment": "Lampiran gambar",
  "X_Responses": "{0} tanggapan",
  "FROM_X_Respondents": "Dari {0} responden",
  "SURVEY_CLOSES_ON_X": "Survei ditutup pada {0}",
  "X_Of_Y_People": "{0} dari {1} orang",
  "X_People": "{0} orang",
  "One_Person": "1 orang",
  "One_Person.comment": "String statis. Digunakan dalam wawasan tanggapan.",
  "AggregationNotSupported": "Agregasi untuk jenis pertanyaan ini tidak didukung. Silakan unduh hasil survei untuk detailnya",
  "ExpiresIn": "Kedaluwarsa pada {0}",
  "NextButtonTitle": "Berikutnya",
  "PreviousButtonTitle": "Sebelumnya",
  "SumTitle": "Jumlah",
  "AverageTitle": "Rata-rata",
  "QuestionResponsesNavTitle": "Pertanyaan {0} dari {1}",
  "QuestionResponsesTitle": "TANGGAPAN (TOTAL {0})",
  "CurrentUserResponsesNavTitle": "Tanggapan Anda",
  "UserResponsesNavTitle": "Tanggapan {0}",
  "SingleResponseMyResponseTitle": "Anda telah menanggapi",
  "SingleResponseNavTitle": "Tanggapan {0}",
  "CurrentUserSingleResponseNavTitle": "Tanggapan Anda",
  "SubmitResponseTitle": "Kirim Tanggapan",
  "SurveyEditPageTitle": "Edit Survei",
  "SummaryEditSurveyTitle": "Edit Survei",
  "EditSurveySubTitle": "Ketuk untuk mengedit judul dan pengaturan Survei. Pertanyaan Survei tidak dapat diedit.",
  "SurveyEditPageUpdateButton": "PERBARUI",
  "EditSurveyPageUserMessage": "Hanya detail survei dan pengaturan pilihan yang dapat diedit. Untuk perubahan lainnya, Anda mungkin harus membuat survei baru",
  "UnsavedChanges": "Buang Perubahan?",
  "DiscardConfirmationDailogDiscardButton": "BUANG",
  "EditSurveyDiscardConfirmationDailogMessage": "Semua perubahan Anda akan hilang jika Anda membuang",
  "EditSurveyFailureMessage": "Tidak dapat mengedit survei untuk saat ini. Silakan coba lagi.",
  "EditSurveyNoUpdates": "Tidak ada perubahan yang dibuat untuk Survei ini",
  "EditPageUpdatingMsg": "Memperbarui...",
  "Cancel": "BATAL",
  "DefaultResponseName": "Tanggapan {0}",
  "LocationDisclaimerText": "Lokasi Anda akan diperlukan sebagai bagian dari survei ini. Kaizala tidak akan mengakses atau menggunakan lokasi tanpa persetujuan Anda.",
  "DiscardSurveyResponseDailogMessage": "Yakin ingin membuang tanggapan Anda?",
  "ResponseSummaryLocationText": "Lokasi Anda akan dibagikan sebagai bagian dari tanggapan ini.",
  "FetchingDetailedSummary": "Mengambil detail...",
  "NumericInputErrorLabel": "Hanya Input Numerik yang diterima",
  "DeleteCoverImage": "Hapus Gambar Sampul",
  "DeletedCoverImage": "Gambar sampul survei dihapus",
  "CoverImage": "Gambar Sampul",
  "QuestionHeaderText": "Pertanyaan {0}, {1}",
  "DeleteQuestion": "Hapus Pertanyaan",
  "DeleteOption": "Hapus Opsi",
  "DeletedOptionTalkback": "Opsi dihapus",
  "OptionDeleteConfirmationDailogTitle": "Hapus Opsi?",
  "DropDownOptionDeleteConfirmationDailogTitle": "Konfirmasi Perubahan?",
  "OptionDeleteConfirmationDailogMessage": "Jika dihapus, opsi ini tidak akan muncul dalam pertanyaan",
  "DependencyDropDownOptDeleteConfirmationDialogMessage": "Anda telah menghapus atau mengedit opsi yang memiliki pertanyaan yang terkait. Jika Anda melanjutkan, tautan akan dihapus.",
  "DependencyOptionDeleteConfirmationDailogMessage": "Opsi ini memiliki beberapa pertanyaan yang terkait. Saat dihapus, tautan akan hilang.",
  "Edit": "Edit",
  "SurveyDropDownAnswersPlaceHolderText": "Tambahkan opsi jawaban. Gunakan tombol Enter untuk menambahkan opsi.",
  "SurveyMakeThisQuestionOptionalText": "Jadikan pertanyaan ini opsional",
  "TapToSelectOptionText": "Ketuk untuk memilih opsi",
  "AnswerChoicesText": "Pilihan Jawaban",
  "MultipleImageSelectionError": "Anda telah memilih beberapa gambar. Hanya gambar pertama yang akan dikirimkan. Silahkan ketuk bersihkan untuk memilih Gambar lainnya",
  "TapToOpenCamera": "KETUK UNTUK MEMBUKA KAMERA",
  "DateResponseSelectDate": "Pilih tanggal",
  "DateResponseTapToAddDate": "Ketuk untuk menambahkan tanggal",
  "PhoneNumberResponseEnterPhoneNumber": "Masukkan Nomor Telepon",
  "QuestionHeader": "PERTANYAAN {0}",
  "NotRespondedTitle": "Tidak Merespons",
  "SendReminder": "KIRIM PENGINGAT",
  "FeatureNotAvailableForForumMsg": "Saat ini, fitur ini tidak tersedia untuk grup ini",
  "QuestionRangeErrorString": "Respons harus antara {0} sampai {1}",
  "QuestionLengthRangeErrorString": "Panjang respons harus antara {0} dan {1}",
  "QuestionPhoneNumberLengthErrorString": "Panjang Nomor telepon harus {0}",
  "QuestionRangeOnlyIntegersErrorString": "Respons harus berupa bilangan bulat antara {0} dan {1}",
  "QuestionResponseIntegerOnlyError": "Respons harus berupa bilangan bulat ",
  "QuestionRangeHelpText": "Masukkan respons antara {0} dan {1}",
  "QuestionRangeIntHelpText": "Masukkan Bilangan bulat antara {0} dan {1}",
  "QuestionLengthHelpText": "Ketik respons dengan panjang antara {0} dan {1}",
  "QuestionPhoneNumberLengthHelpText": "Ketik Nomor telepon dengan panjang {0}",
  "QuestionResponseIntegerOnlyHelpText": "Ketik nilai Bilangan Bulat",
  "Optional": "Opsional",
  "NumericInputHelpText": "Ketik angka saja",
  "NumericInputHelpText.comment": "Teks bantuan untuk input numerik yang salah",
  "Warning": "Peringatan!!!",
  "Survey_Title": "Survei",
  "Survey_ReminderTitle": "Pengingat Survei",
  "Survey_Questions": "pertanyaan",
  "Survey_Question": "pertanyaan",
  "Survey_SummaryText_NoResponse_Creator": "Menunggu tanggapan",
  "Survey_SummaryText_NoResponse_Receiver": "Jadilah yang pertama menanggapi!",
  "Survey_SummaryText_CompleteResponse": "Semua orang telah mengikuti survei ini",
  "Survey_SummaryText_IncompleteResponse": "{0} dari {1} orang menanggapi",
  "Survey_SummaryText_IncompleteResponse_Public_Grp": "{0} orang menanggapi",
  "Survey_SummaryText_OneResponse_Public_Grp": "1 orang menanggapi",
  "Survey_RespondButton_Title": "Ikuti Survei",
  "Survey_AddNewResponseButton_Title": "Tambahkan tanggapan lain",
  "Survey_Edited_Text": ". Diedit",
  "SurveySummaryPageTitle": "Ringkasan Survei",
  "SurveyResponsePageTitle": "Tanggapan Survei",
  "SurveyCreationPageTitle": "Pembuatan Survei",
  "RefreshResponsesButtonTitle": "Refresh tanggapan",
  "AddQuestionHere": "Tambahkan pertanyaan di sini",
  "ResponderLocation": "Lokasi Responden"
}