{
  "Survey": "সমীক্ষা",
  "Ask a series of questions & get people’s opinion": "কয়েকটি প্রশ্ন জিজ্ঞাসা করুন ও লোকজনের মতামত পান",
  "_Ask a series of questions & get people’s opinion.cooment": "অ্যাপের বর্ণনা 'আবিষ্কার করুন' নামক স্ক্রীনে দেখা যায়",
  "NewSurveyPageTitle": "নতুন সমীক্ষা",
  "IncompleteDetailsAlertTitle": "অনুপস্থিত বিশদ বিবরণ যোগ করুন",
  "IncompleteDetailsAlertMessage": "আপনার এগিয়ে যাওয়ার আগে সমীক্ষার বিশদ বিবরণ এবং প্রশ্নের প্রয়োজন আছে",
  "IncompleteQuestionDetailsMessage": "অনুগ্রহ করে প্রয়োজনীয় সমস্ত ক্ষেত্রগুলো পূরণ করুন",
  "OK": "ঠিক আছে",
  "SurveyOptionsPageTitle": "সমীক্ষার বিকল্পসমূহ",
  "Send": "পাঠান",
  "Next": "পরবর্তী",
  "Done": "সম্পন্ন হয়েছে",
  "SurveyAddCoverImage": "একটি কভার চিত্র যোগ করুন",
  "SurveyChangeCoverImage": "কভার চিত্র পরিবর্তন করুন",
  "SurveyDetails": "সমীক্ষার বিশদ বিবরণ",
  "SurveyDetailsPageTitle": "সমীক্ষার বিবরণ",
  "SurveyAddQuestion": "একটি প্রশ্ন যোগ করুন",
  "SurveyOptionsTotalQuestion": "আপনার সমীক্ষায় মোট 1টি প্রশ্ন আছে",
  "SurveyOptionsTotalQuestions": "আপনার সমীক্ষায় মোট {0}টি প্রশ্ন আছে",
  "Settings": "সেটিংস",
  "SurveyExpiryTitle": "সমীক্ষার মেয়াদ শেষ হচ্ছে: {0}",
  "SurveyMultipleResponseTitle": "একাধিক প্রতিক্রিয়া জানানোর অনুমতি দিন",
  "SurveyExpirySubTitle": "কতক্ষণ পর্যন্ত সমীক্ষাটিতে উত্তর দেওয়া যাবে সেই সময় ও তারিখ সেট করুন",
  "SurveyVisibilityAllTitle": "ফলাফলগুলো প্রত্যেকে দেখতে পাবেন",
  "SurveyVisibilitySenderTitle": "ফলাফলগুলো শুধুমাত্র আমি দেখতে পাবো",
  "SurveyVisibilityAdminTitle": "ফলাফলগুলো শুধুমাত্র প্রশাসকেরা দেখতে পাবেন",
  "SurveyAllowSendReminderAllTitle": "যেকেউ অনুস্মারক পাঠাতে পারেন",
  "SurveyAllowSendReminderSenderTitle": "কেবলমাত্র আমি একটি অনুস্মারক পাঠাতে পারি",
  "SurveyAllowSendReminderAdminTitle": "প্রশাসকরা এবং আমি একটি অনুস্মারক পাঠাতে পারি",
  "SurveyVisibilitySubTitle": "কারা সমীক্ষার ফলাফলগুলো দেখতে পাবেন তা সেট করুন।",
  "SurveyAllowSendReminderSubTitle": "কারা অনুস্মারক পাঠাতে পারেন তা সেট করুন।",
  "SurveyMultipleResponseSubTitle": "ব্যবহারকারীদের অনেকবার প্রতিক্রিয়া দিতে দিন",
  "SurveyVisibilityHeader": "সমীক্ষার ফলাফলগুলো যারা দেখতে পাবেন",
  "SurveyAllowSendReminderHeader": "কারা অনুস্মারক পাঠাতে পারেন",
  "SurveyVisibilityEveryOne": "প্রত্যেকে",
  "SurverVisibilityOnlyMe": "শুধুমাত্র আমি",
  "SurveyVisibilityAdmin": "শুধুমাত্র প্রশাসক",
  "SurveyAllowSendReminderEveryOne": "যে কেউ",
  "SurveyAllowSendReminderOnlyMe": "শুধুমাত্র আমি",
  "SurveyAllowSendReminderAdmin": "আমি এবং প্রশাসকরা",
  "SurveyResponseLocationTitle": "অবস্থান সহ প্রতিক্রিয়া নিন",
  "SurveyResponseLocationSubTitle": "সমীক্ষার প্রতিক্রিয়ার সাথে উত্তরদাতার অবস্থানের তথ্য সংগ্রহ করুন",
  "SurveyMandatoryResponseLocationTitle": "অবস্থানটিকে প্রতিক্রিয়াটির বাধ্যতামূলক অংশ করে তুলতে আলতো চাপুন",
  "SurveyDetailsTitleHeader": "সমীক্ষার শিরোনাম",
  "SurveyDetailsTitlePlaceholder": "যেমন: মার্কেট রিসার্চ",
  "SurveyDetailsDescriptionHeader": "সমীক্ষার বিবরণ (ঐচ্ছিক)",
  "SurveyDetailsDescriptionPlaceholder": "এই সমীক্ষাটি কী বিষয়ক?",
  "SurveyMultpleOptionPlaceholder": "বিকল্প {0}",
  "SurveyQuestionHeader": "প্রশ্ন",
  "SurveyOptionAnswerHeader": "উত্তর দিন",
  "SurveyOptionSettingHeader": "সেটিংস",
  "SurveyQuestionPlaceHolder": "লিখতে আলতো চাপুন",
  "SurveyAllowMultipleAnswerTitle": "একাধিক প্রশ্ন নির্বাচন করার অনুমতি দিন",
  "SurveyAddMoreOptionTalkBack": "নতুন বিকল্প যোগ করা হয়েছে। বিকল্পটি অ্যাক্সেস করতে বাম দিকে সোয়াইপ করুন। বা একটি নতুন বিকল্প যোগ করতে দুবার আলতোভাবে চাপুন",
  "SurveyQuestionPageBreakTitle": "পৃষ্ঠা বিভাজক যোগ করুন",
  "SurveyImageQuestionOnlyCamera": "শুধুমাত্র ক্যামেরার অনুমতি দিন",
  "SurveyImageQuestionSingleImages": "শুধু একটি চিত্রতে সীমাবদ্ধ করুন",
  "SurveyImageQuestionSingleImages.comment": "শুধুমাত্র একটি চিত্র সংযুক্তির অনুমোদন করতে শিরোনামের পাঠ্য",
  "SurveyMultpleOptionAddMoreOption": "+ আরও বিকল্প যোগ করুন",
  "SurveyQuestionPickerHeader": "প্রতিক্রিয়ার প্রকার বেছে নিন",
  "SurveyQuestionPickerCloseButtonTitle": "বন্ধ করুন",
  "SurveyOptionCount": "{0}টি পছ্ন্দ",
  "LinkedQuesInfo": "প্রশ্ন {0}র সাথে সংযুক্ত",
  "Multiple Choice": "একাধিক পছন্দ",
  "Text Response": "পাঠ্য",
  "Numeric Response": "সংখ্যাগত",
  "Drop Down": "ড্রপ ডাউন",
  "Image Upload": "চিত্র",
  "Phone Number": "ফোন নম্বর",
  "Date": "তারিখ",
  "DeleteConfirmationDailogTitle": "{0} প্রশ্ন মুছবেন?",
  "DeleteConfirmationDailogMessage": "মুছে ফেলা হলে, সমীক্ষাতে এই প্রশ্নটি প্রদর্শিত হবে না।",
  "DependencyQuestionInfoMessage": "এই প্রশ্নটির দৃশ্যমানতা প্রশ্ন {0}-র উত্তরের উপর নির্ভর করছে",
  "DependencyQuestionDeleteConfirmationDailogMessage": "এই প্রশ্নটির উপর কিছু প্রশ্ন নির্ভরশীল রয়েছে। মুছে ফেললে, লিঙ্কটি হারিয়ে যাবে।",
  "DiscardConfirmationDailogBackButton": "বাতিল করুন",
  "DiscardConfirmationDailogDeleteButton": "মুছুন",
  "SurveyDiscardDailogTitle": "আপনি কি ছেড়ে যাওয়ার বিষয়ে নিশ্চিত?",
  "SurveyDiscardConfirmationDailogMessage": "আপনার আনিত পরিবর্তনসমূহ বাতিল হয়ে যাবে",
  "QuestionDiscardConfirmationDailogTitle": "প্রশ্ন বাতিল করবেন?",
  "QuestionDiscardConfirmationDailogMessage": "আপনার করা সমস্ত পরিবর্তনগুলি হারিয়ে যাবে",
  "QuestionDiscardConfirmationDailogBackButton": "বাতিল করুন",
  "QuestionDiscardConfirmationDailogDeleteButton": "বাতিল করুন",
  "ContinueButton": "চালিয়ে যান",
  "StayButton": "অবস্থান করুন",
  "LeaveButton": "ছেড়ে যান",
  "ConfirmButton": "নিশ্চিত করুন",
  "title_sent": "<b>%s</b>-এ",
  "subtitle": "%s থেকে <b>%s</b>",
  "all_filter": "সমস্ত দেখান",
  "complete_filter": "শুধুমাত্র সম্পূর্ণ",
  "grouping_option_string": "লোকজন অনুসারে দল",
  "incomplete_filter": "শুধুমাত্র অসম্পূর্ণ",
  "title_received": "<b>%s</b>",
  "description_string": "%s",
  "_description_string": "আলোচ্য বিষয়ের বর্ণনা",
  "SurveyResponseTitle": "সমীক্ষার প্রতিক্রিয়া",
  "Start": "শুরু করুন",
  "QuestionCountLabel": "{0}টি প্রশ্ন",
  "QuestionsCountLabel": "{0}টি প্রশ্ন",
  "ChooseYourAnswerLabel": "আপনার উত্তর বেছে নিন",
  "YourResponseLabel": "আপনার প্রতিক্রিয়া",
  "Clear": "পরিষ্কার করুন",
  "ProgressTextLabel": "{1}টির মধ্যে {0} নম্বর",
  "NumericPlaceHolderText": "এখানে এন্টার করুন",
  "TapToAddPhoto": "একটি ফটো যোগ করতে আলতো চাপুন",
  "AllQuestionRespondedHeader": "সমস্ত প্রশ্নের উত্তর দেওয়া হয়েছে!",
  "PendingQuestionHeader": "{0}টি প্রশ্ন বাকি রয়েছে",
  "PendingQuestionsHeader": "{0}টি প্রশ্ন বাকি রয়েছে",
  "YouResponded": "আপনার প্রতিক্রিয়া: ",
  "Submit": "জমা দিন",
  "Respond": "প্রতিক্রিয়া জানান",
  "ResponseSummaryTitle": "প্রতিক্রিয়ার সারাংশ",
  "ReponseLocationPageHeader": "<b>{0}</b> আপনি এগিয়ে যাওয়ার আগে আপনার অবস্থান জানতে চেয়েছেন।",
  "Refresh": "রিফ্রেশ করুন",
  "LocationUnavaliable": "অবস্থান উপলব্ধ নেই",
  "LocationTryAgain": "আবার চেষ্টা করতে রিফ্রেশ করুন-এ আলতো চাপুন",
  "ResponseNameTitle": "প্রতিক্রিয়ার নাম",
  "PageLoadProgressTitle": "ডেটা উদ্ধার করা হচ্ছে...",
  "SummaryNavTitle": "সমীক্ষা",
  "ErrorTitle": "কোনো সমস্যা হয়েছে",
  "ErrorSubtitle": "আপনার ইন্টারনেট সংযোগ পরীক্ষা করে আবার চেষ্টা করুন",
  "ErrorActionTitle": "আবার চেষ্টা করুন",
  "SentTo": "এর কাছে পাঠানো হয়েছে",
  "SurveyClosed": "সমীক্ষা বন্ধ হয়েছে",
  "ViewMoreText": "আরও দেখুন",
  "ViewLessText": "কম দেখুন",
  "MyResonses": "আমার প্রতিক্রিয়া",
  "NotResponded": "আপনি এখনও কোনও প্রতিক্রিয়া জানান নি",
  "Responded": "প্রতিক্রিয়া জানানো হয়েছে",
  "RespondNow": "এখনই প্রতিক্রিয়া জানান",
  "MyResponses": "আমার প্রতিক্রিয়া",
  "AddNewResponse": "একটি নতুন প্রতিক্রিয়া যোগ করুন",
  "SurveyQuestions": "সমীক্ষার প্রশ্নাবলী",
  "Insights": "অন্তর্দৃষ্টি",
  "AllResponsesModuleHeader": "সমস্ত প্রতিক্রিয়া",
  "CloseSurvey": "সমীক্ষা বন্ধ করুন",
  "ShareSurveyResults": "সমীক্ষার ফলাফলগুলোর লিঙ্ক",
  "RemindPeopleToRespond": "লোকজনকে প্রতিক্রিয়া জানানোর কথা মনে করিয়ে দিন",
  "DuplicateThisSurvey": "এই সমীক্ষাটির নকল করুন",
  "TapToGetLink": "সমীক্ষার ফলাফলগুলোর লিঙ্ক পেতে আলতো চাপুন",
  "TapToSendReminder": "অনুস্মারক পাঠাতে টোকা দিন",
  "CopyQuestionsAndCreateSurvey": "একই প্রশ্নগুলো ব্যবহার করে একটি নতুন সমীক্ষা তৈরি করুন",
  "GettingLink": "লিঙ্ক পাওয়া হচ্ছে...",
  "TapToShareLink": "লিঙ্ক শেয়ার করতে আলতো চাপুন",
  "Responses": "প্রতিক্রিয়া",
  "Respondents": "উত্তরদাতা",
  "AllResponses": "সমস্ত প্রতিক্রিয়া",
  "MultipleChoice": "একাধিক পছন্দ",
  "TextInput": "পাঠ্য ইনপুট",
  "NumberInput": "সংখ্যা ইনপুট",
  "ImageAttachment": "চিত্র সংযুক্তি",
  "X_Responses": "{0}টি প্রতিক্রিয়া",
  "FROM_X_Respondents": "{0} জন উত্তরদাতার কাছ থেকে",
  "SURVEY_CLOSES_ON_X": "{0}-এ সমীক্ষা বন্ধ হচ্ছে",
  "X_Of_Y_People": "{1} জনের মধ্যে {0} জন লোক",
  "X_People": "{0} জন লোক",
  "One_Person": "1 জন লোক",
  "One_Person.comment": "স্ট্যাটিক স্ট্রিং। অন্তর্দৃষ্টিগুলোর প্রতিক্রিয়া হিসাবে ব্যবহার করা হয়েছে।",
  "AggregationNotSupported": "এই ধরনের প্রশ্নের জন্য সংগ্রহকরণ সমর্থিত নয়। অনুগ্রহ করে বিশদ বিবরণের জন্য সমীক্ষার ফলাফলগুলোকে ডাউনলোড করুন",
  "ExpiresIn": "{0} দিনের মধ্যে মেয়াদ শেষ হবে",
  "NextButtonTitle": "পরবর্তী",
  "PreviousButtonTitle": "পূর্ববর্তী",
  "SumTitle": "সমষ্টি",
  "AverageTitle": "গড়",
  "QuestionResponsesNavTitle": "{1}টির মধ্যে {0}টি প্রশ্ন",
  "QuestionResponsesTitle": "প্রতিক্রিয়া (মোট {0}টি)",
  "CurrentUserResponsesNavTitle": "আপনার প্রতিক্রিয়াসমূহ",
  "UserResponsesNavTitle": "{0}-এর প্রতিক্রিয়া",
  "SingleResponseMyResponseTitle": "আপনি প্রতিক্রিয়া দিয়েছেন",
  "SingleResponseNavTitle": "{0}-এর প্রতিক্রিয়া",
  "CurrentUserSingleResponseNavTitle": "আপনার প্রতিক্রিয়া",
  "SubmitResponseTitle": "প্রতিক্রিয়া জমা দিন",
  "SurveyEditPageTitle": "সমীক্ষা সম্পাদনা করুন",
  "SummaryEditSurveyTitle": "সমীক্ষা সম্পাদনা করুন",
  "EditSurveySubTitle": "সমীক্ষার শীর্ষক এবং সেটিংস সম্পাদনা করতে আলতো চাপুন। সমীক্ষার প্রশ্নগুলো সম্পাদনা করা যাবে না৷",
  "SurveyEditPageUpdateButton": "আপডেট করুন",
  "EditSurveyPageUserMessage": "শুধুমাত্র সমীক্ষার বিশদ বিবরণ এবং নির্বাচিত সেটিংস সম্পাদনা করা যাবে। আরো পরিবর্তনগুলোর জন্য আপনাকে একটি নতুন সমীক্ষা তৈরি করতে হতে পারে",
  "UnsavedChanges": "পরিবর্তনগুলো বাতিল করবেন কি?",
  "DiscardConfirmationDailogDiscardButton": "বাতিল করুন",
  "EditSurveyDiscardConfirmationDailogMessage": "আপনি বাতিল করলে আপনার সমস্ত প্রশ্ন মুছে যাবে",
  "EditSurveyFailureMessage": "এই মুহূর্তে সমীক্ষাটিকে সম্পাদনা করা যাচ্ছে না। অনুগ্রহ করে আবার চেষ্টা করুন।",
  "EditSurveyNoUpdates": "এই সমীক্ষাটিতে কোনও পরিবর্তন করা হয়নি",
  "EditPageUpdatingMsg": "আপডেট করা হচ্ছে...",
  "Cancel": "বাতিল করুন",
  "DefaultResponseName": "{0}টি প্রতিক্রিয়া",
  "LocationDisclaimerText": "এই সমীক্ষার একটি অংশ হিসাবে আপনার অবস্থানের প্রয়োজন হবে। Kaizala আপনার অনুমতি ছাড়া আপনার অবস্থান অ্যাক্সেস বা ব্যবহার করবে না।",
  "DiscardSurveyResponseDailogMessage": "আপনি কি আপনার প্রতিক্রিয়া বাতিল করার বিষয়ে নিশ্চিত?",
  "ResponseSummaryLocationText": "এই প্রতিক্রিয়াটির একটি অংশ হিসাবে আপনার অবস্থান শেয়ার করা হবে।",
  "FetchingDetailedSummary": "বিশদ বিবরণ উদ্ধার করা হচ্ছে...",
  "NumericInputErrorLabel": "শুধুমাত্র সংখ্যাগত ইনপুট গ্রহণ করা হয়েছে",
  "DeleteCoverImage": "কভার চিত্র মুছুন",
  "DeletedCoverImage": "সমীক্ষার কভার চিত্র মোছা হয়েছে",
  "CoverImage": "কভার চিত্র",
  "QuestionHeaderText": "প্রশ্ন {0}, {1}",
  "DeleteQuestion": "প্রশ্ন মুছুন",
  "DeleteOption": "মুছে ফেলার বিকল্প",
  "DeletedOptionTalkback": "বিকল্পটি মুছে ফেলা হয়েছে",
  "OptionDeleteConfirmationDailogTitle": "বিকল্প মুছবেন?",
  "DropDownOptionDeleteConfirmationDailogTitle": "পরিবর্তনগুলো নিশ্চিত করবেন?",
  "OptionDeleteConfirmationDailogMessage": "মুছে ফেলা হলে, এই বিকল্পটি প্রশ্নটিতে আর দেখা যাবে না",
  "DependencyDropDownOptDeleteConfirmationDialogMessage": "আপনি এমন একটি বিকল্প মুছে ফেলেছেন যার উপর কিছু প্রশ্ন নির্ভরশীল রয়েছে। মুছে ফেললে, লিঙ্কটি হারিয়ে যাবে।",
  "DependencyOptionDeleteConfirmationDailogMessage": "এই বিকল্পটির উপর কিছু প্রশ্ন নির্ভরশীল রয়েছে। মুছে ফেললে, লিঙ্কটি হারিয়ে যাবে।",
  "Edit": "সম্পাদনা করুন",
  "SurveyDropDownAnswersPlaceHolderText": "উত্তরের বিকল্পগুলো যোগ করুন। বিকল্পগুলো যোগ করতে এন্টার কী ব্যবহার করুন।",
  "SurveyMakeThisQuestionOptionalText": "এই প্রশ্নটিকে ঐচ্ছিক করুন",
  "TapToSelectOptionText": "একটি বিকল্প নির্বাচন করতে আলতো চাপুন",
  "AnswerChoicesText": "উত্তরের বিকল্পসমূহ",
  "MultipleImageSelectionError": "আপনি একাধিক চিত্র নির্বাচন করেছেন। শুধুমাত্র প্রথম চিত্রটি পাঠানো হবে। অনুগ্রহ করে অন্য একটি ছবি ব্যবহার করতে পরিষ্কার করুন-এ আলতো চাপুন",
  "TapToOpenCamera": "ক্যামেরা খুলতে আলতো চাপুন",
  "DateResponseSelectDate": "তারিখ নির্বাচন করুন",
  "DateResponseTapToAddDate": "তারিখ যোগ করতে আলতো চাপুন",
  "PhoneNumberResponseEnterPhoneNumber": "ফোন নম্বর এন্টার করুন",
  "QuestionHeader": "প্রশ্ন {0}",
  "NotRespondedTitle": "প্রতিক্রিয়া জানাননি",
  "SendReminder": "অনুস্মারক পাঠান",
  "FeatureNotAvailableForForumMsg": "বর্তমানে এই দলটির জন্য এই বৈশিষ্ট্যটি উপলব্ধ নয়",
  "QuestionRangeErrorString": "প্রতিক্রিয়ার সংখ্যা {0} এবং {1}-এর মধ্যে হতে হবে",
  "QuestionLengthRangeErrorString": "প্রতিক্রিয়ার সংখ্যা {0} এবং {1}-এর মধ্যে হতে হবে",
  "QuestionPhoneNumberLengthErrorString": "ফোন নম্বরের দৈর্ঘ্য {0} হতে হবে",
  "QuestionRangeOnlyIntegersErrorString": "প্রতিক্রিয়াটিকে পূর্ণসংখ্যা এবং {0} থেকে {1}-এর মধ্যে হতে হবে",
  "QuestionResponseIntegerOnlyError": "প্রতিক্রিয়াটিকে পূর্ণসংখ্যার হতে হবে ",
  "QuestionRangeHelpText": "{0} এবং {1} সংখ্যার মধ্যে একটি প্রতিক্রিয়া লিখুন",
  "QuestionRangeIntHelpText": "{0} এবং {1} সংখ্যার মধ্যে একটি পূর্ণসংখ্যা লিখুন",
  "QuestionLengthHelpText": "{0} এবং {1} সংখ্যার মধ্যে একটি প্রতিক্রিয়া লিখুন",
  "QuestionPhoneNumberLengthHelpText": "{0} দৈর্ঘ্যের একটি ফোন নম্বর টাইপ করুন",
  "QuestionResponseIntegerOnlyHelpText": "অনুগ্রহ করে একটি পূর্ণসংখ্যা লিখুন",
  "Optional": "ঐচ্ছিক",
  "NumericInputHelpText": "শুধুমাত্র সংখ্যা লিখুন",
  "NumericInputHelpText.comment": "ভুল সংখ্যাগত ইনপুটের জন্য সহায়তামূলক পাঠ্য",
  "Warning": "সতর্কতা!!!",
  "Survey_Title": "সমীক্ষা",
  "Survey_ReminderTitle": "সমীক্ষার অনুস্মারক",
  "Survey_Questions": "প্রশ্নাবলী",
  "Survey_Question": "প্রশ্ন",
  "Survey_SummaryText_NoResponse_Creator": "প্রতিক্রিয়ার জন্য অপেক্ষা করা হচ্ছে",
  "Survey_SummaryText_NoResponse_Receiver": "সবার আগে প্রতিক্রিয়া জানান!",
  "Survey_SummaryText_CompleteResponse": "প্রত্যেকে এই সমীক্ষায় অংশগ্রহণ করেছেন",
  "Survey_SummaryText_IncompleteResponse": "{1} জনের মধ্যে {0} জন লোক প্রতিক্রিয়া জানিয়েছেন",
  "Survey_SummaryText_IncompleteResponse_Public_Grp": "{0} জন লোক প্রতিক্রিয়া জানিয়েছেন",
  "Survey_SummaryText_OneResponse_Public_Grp": "1 জন প্রতিক্রিয়া জানিয়েছেন",
  "Survey_RespondButton_Title": "সমীক্ষাতে অংশ নিন",
  "Survey_AddNewResponseButton_Title": "আরেকটি প্রতিক্রিয়া যোগ করুন",
  "Survey_Edited_Text": ". সম্পাদিত",
  "SurveySummaryPageTitle": "সমীক্ষার সংক্ষিপ্তসার",
  "SurveyResponsePageTitle": "সমীক্ষার প্রতিক্রিয়া",
  "SurveyCreationPageTitle": "সমীক্ষা তৈরি",
  "RefreshResponsesButtonTitle": "প্রতিক্রিয়াগুলো রিফ্রেশ করুন",
  "AddQuestionHere": "এখানে প্রশ্ন যোগ করুন",
  "ResponderLocation": "উত্তর প্রদানকারীর অবস্থান"
}